blockchain,creator,address,tag_name,tag_type,start_date,end_date
optimism,jkhuhnke11,0x01e6b50557ef1a2ca58a621998ace3f278e808b8,Perpetual Protocol Foundation Team,delegate_name,5/3/22,null
optimism,jkhuhnke11,0x01e6b50557ef1a2ca58a621998ace3f278e808b8,tongnk.eth,ens,5/3/22,null
optimism,jkhuhnke11,0x01e6b50557ef1a2ca58a621998ace3f278e808b8,defi,delegate_value,5/3/22,null
optimism,jkhuhnke11,0x01e6b50557ef1a2ca58a621998ace3f278e808b8,DAO,delegate_value,5/3/22,null
optimism,jkhuhnke11,0x01e6b50557ef1a2ca58a621998ace3f278e808b8,governance,delegate_value,5/3/22,null
optimism,jkhuhnke11,0x0331969e189d63fbc31d771bb04ab44227d748d8,Butterbum,delegate_name,5/3/22,null
optimism,jkhuhnke11,0x0331969e189d63fbc31d771bb04ab44227d748d8,butterbum.eth,ens,5/3/22,null
optimism,jkhuhnke11,0x0331969e189d63fbc31d771bb04ab44227d748d8,DAO,delegate_value,5/3/22,null
optimism,jkhuhnke11,0x0331969e189d63fbc31d771bb04ab44227d748d8,governance,delegate_value,5/3/22,null
optimism,jkhuhnke11,0x0331969e189d63fbc31d771bb04ab44227d748d8,NFT,delegate_value,5/3/22,null
optimism,jkhuhnke11,0x0331969e189d63fbc31d771bb04ab44227d748d8,data and analytics,delegate_value,5/3/22,null
optimism,jkhuhnke11,0x0331969e189d63fbc31d771bb04ab44227d748d8,gaming,delegate_value,5/3/22,null
optimism,jkhuhnke11,0x0557d5aeec6f2dbffdc2a4cdce59ae3286a2e896,Kryos,delegate_name,5/3/22,null
optimism,jkhuhnke11,0x0557d5aeec6f2dbffdc2a4cdce59ae3286a2e896,kryos.eth,ens,5/3/22,null
optimism,jkhuhnke11,0x0557d5aeec6f2dbffdc2a4cdce59ae3286a2e896,privacy,delegate_value,5/3/22,null
optimism,jkhuhnke11,0x0557d5aeec6f2dbffdc2a4cdce59ae3286a2e896,economics,delegate_value,5/3/22,null
optimism,jkhuhnke11,0x0557d5aeec6f2dbffdc2a4cdce59ae3286a2e896,DAO,delegate_value,5/3/22,null
optimism,jkhuhnke11,0x0557d5aeec6f2dbffdc2a4cdce59ae3286a2e896,NFT,delegate_value,5/3/22,null
optimism,jkhuhnke11,0x062a07cbf4848fda67292a96a5e02c97e402233f,Exosphere,delegate_name,5/3/22,null
optimism,jkhuhnke11,0x062a07cbf4848fda67292a96a5e02c97e402233f,exosphereL2.eth,ens,5/3/22,null
optimism,jkhuhnke11,0x062a07cbf4848fda67292a96a5e02c97e402233f,infrastructure,delegate_value,5/3/22,null
optimism,jkhuhnke11,0x062a07cbf4848fda67292a96a5e02c97e402233f,defi,delegate_value,5/3/22,null
optimism,jkhuhnke11,0x062a07cbf4848fda67292a96a5e02c97e402233f,governance,delegate_value,5/3/22,null
optimism,jkhuhnke11,0x062a07cbf4848fda67292a96a5e02c97e402233f,DAO,delegate_value,5/3/22,null
optimism,jkhuhnke11,0x062a07cbf4848fda67292a96a5e02c97e402233f,developer tools,delegate_value,5/3/22,null
optimism,jkhuhnke11,0x070341aa5ed571f0fb2c4a5641409b1a46b4961b,Penn Blockchain,delegate_name,5/3/22,null
optimism,jkhuhnke11,0x070341aa5ed571f0fb2c4a5641409b1a46b4961b,UPennBlockchain.eth,ens,5/3/22,null
optimism,jkhuhnke11,0x070341aa5ed571f0fb2c4a5641409b1a46b4961b,defi,delegate_value,5/3/22,null
optimism,jkhuhnke11,0x070341aa5ed571f0fb2c4a5641409b1a46b4961b,DAO,delegate_value,5/3/22,null
optimism,jkhuhnke11,0x070341aa5ed571f0fb2c4a5641409b1a46b4961b,gaming,delegate_value,5/3/22,null
optimism,jkhuhnke11,0x070341aa5ed571f0fb2c4a5641409b1a46b4961b,NFT,delegate_value,5/3/22,null
optimism,jkhuhnke11,0x070341aa5ed571f0fb2c4a5641409b1a46b4961b,governance,delegate_value,5/3/22,null
optimism,jkhuhnke11,0x09a60649f4d29abf919dc130e7d517352f988087,Justin,delegate_name,5/3/22,null
optimism,jkhuhnke11,0x09a60649f4d29abf919dc130e7d517352f988087,jmarx.eth,ens,5/3/22,null
optimism,jkhuhnke11,0x09a60649f4d29abf919dc130e7d517352f988087,governance,delegate_value,5/3/22,null
optimism,jkhuhnke11,0x09a60649f4d29abf919dc130e7d517352f988087,DAO,delegate_value,5/3/22,null
optimism,jkhuhnke11,0x09a60649f4d29abf919dc130e7d517352f988087,defi,delegate_value,5/3/22,null
optimism,jkhuhnke11,0x09a60649f4d29abf919dc130e7d517352f988087,economics,delegate_value,5/3/22,null
optimism,jkhuhnke11,0x09a60649f4d29abf919dc130e7d517352f988087,legal,delegate_value,5/3/22,null
optimism,jkhuhnke11,0x1372eda77df5a048db8af4db3d8680ff56388824,Pat LaVecchia,delegate_name,5/3/22,null
optimism,jkhuhnke11,0x1372eda77df5a048db8af4db3d8680ff56388824,DAO,delegate_value,5/3/22,null
optimism,jkhuhnke11,0x1372eda77df5a048db8af4db3d8680ff56388824,data and analytics,delegate_value,5/3/22,null
optimism,jkhuhnke11,0x1372eda77df5a048db8af4db3d8680ff56388824,defi,delegate_value,5/3/22,null
optimism,jkhuhnke11,0x1372eda77df5a048db8af4db3d8680ff56388824,economics,delegate_value,5/3/22,null
optimism,jkhuhnke11,0x1372eda77df5a048db8af4db3d8680ff56388824,infrastructure,delegate_value,5/3/22,null
optimism,jkhuhnke11,0x13838884271ec954CB036D0B29D404afab5EAe2A,Cryptotesters,delegate_name,5/3/22,null
optimism,jkhuhnke11,0x13838884271ec954CB036D0B29D404afab5EAe2A,DAO,delegate_value,5/3/22,null
optimism,jkhuhnke11,0x13838884271ec954CB036D0B29D404afab5EAe2A,defi,delegate_value,5/3/22,null
optimism,jkhuhnke11,0x13838884271ec954CB036D0B29D404afab5EAe2A,metaverse,delegate_value,5/3/22,null
optimism,jkhuhnke11,0x13838884271ec954CB036D0B29D404afab5EAe2A,gaming,delegate_value,5/3/22,null
optimism,jkhuhnke11,0x1B686eE8E31c5959D9F5BBd8122a58682788eeaD,L2BEAT,delegate_name,5/3/22,null
optimism,jkhuhnke11,0x1B686eE8E31c5959D9F5BBd8122a58682788eeaD,defi,delegate_value,5/3/22,null
optimism,jkhuhnke11,0x1B686eE8E31c5959D9F5BBd8122a58682788eeaD,developer tools,delegate_value,5/3/22,null
optimism,jkhuhnke11,0x1B686eE8E31c5959D9F5BBd8122a58682788eeaD,infrastructure,delegate_value,5/3/22,null
optimism,jkhuhnke11,0x1B686eE8E31c5959D9F5BBd8122a58682788eeaD,governance,delegate_value,5/3/22,null
optimism,jkhuhnke11,0x1B686eE8E31c5959D9F5BBd8122a58682788eeaD,security,delegate_value,5/3/22,null
optimism,jkhuhnke11,0x1BFA63aF45F4F56A0E2ef032429771D398C6b71C,emijaop,delegate_name,5/3/22,null
optimism,jkhuhnke11,0x1BFA63aF45F4F56A0E2ef032429771D398C6b71C,emijaop.eth,ens,5/3/22,null
optimism,jkhuhnke11,0x1BFA63aF45F4F56A0E2ef032429771D398C6b71C,defi,delegate_value,5/3/22,null
optimism,jkhuhnke11,0x1BFA63aF45F4F56A0E2ef032429771D398C6b71C,DAO,delegate_value,5/3/22,null
optimism,jkhuhnke11,0x1BFA63aF45F4F56A0E2ef032429771D398C6b71C,gaming,delegate_value,5/3/22,null
optimism,jkhuhnke11,0x1d1a13b16667c284b87de62caeeff0ce89e342b2,StableNode,delegate_name,5/3/22,null
optimism,jkhuhnke11,0x1d1a13b16667c284b87de62caeeff0ce89e342b2,stablenodegov.eth,ens,5/3/22,null
optimism,jkhuhnke11,0x1d1a13b16667c284b87de62caeeff0ce89e342b2,DAO,delegate_value,5/3/22,null
optimism,jkhuhnke11,0x1d1a13b16667c284b87de62caeeff0ce89e342b2,data and analytics,delegate_value,5/3/22,null
optimism,jkhuhnke11,0x1d1a13b16667c284b87de62caeeff0ce89e342b2,defi,delegate_value,5/3/22,null
optimism,jkhuhnke11,0x1d1a13b16667c284b87de62caeeff0ce89e342b2,governance,delegate_value,5/3/22,null
optimism,jkhuhnke11,0x1d1a13b16667c284b87de62caeeff0ce89e342b2,social impact,delegate_value,5/3/22,null
optimism,jkhuhnke11,0x1de2a056508e0d0dd88a88f1f5cdf9cfa510795c,OPUser | L222,delegate_name,5/3/22,null
optimism,jkhuhnke11,0x1de2a056508e0d0dd88a88f1f5cdf9cfa510795c,hailvitalik.eth,ens,5/3/22,null
optimism,jkhuhnke11,0x1de2a056508e0d0dd88a88f1f5cdf9cfa510795c,DAO,delegate_value,5/3/22,null
optimism,jkhuhnke11,0x1de2a056508e0d0dd88a88f1f5cdf9cfa510795c,events,delegate_value,5/3/22,null
optimism,jkhuhnke11,0x1de2a056508e0d0dd88a88f1f5cdf9cfa510795c,environment,delegate_value,5/3/22,null
optimism,jkhuhnke11,0x1de2a056508e0d0dd88a88f1f5cdf9cfa510795c,gaming,delegate_value,5/3/22,null
optimism,jkhuhnke11,0x1de2a056508e0d0dd88a88f1f5cdf9cfa510795c,governance,delegate_value,5/3/22,null
optimism,jkhuhnke11,0x2345F4E0CdF00D427D773413Dd4617d0156c29A9,Boiler Blockchain (Purdue),delegate_name,5/3/22,null
optimism,jkhuhnke11,0x2345F4E0CdF00D427D773413Dd4617d0156c29A9,defi,delegate_value,5/3/22,null
optimism,jkhuhnke11,0x2345F4E0CdF00D427D773413Dd4617d0156c29A9,economics,delegate_value,5/3/22,null
optimism,jkhuhnke11,0x2345F4E0CdF00D427D773413Dd4617d0156c29A9,governance,delegate_value,5/3/22,null
optimism,jkhuhnke11,0x2345F4E0CdF00D427D773413Dd4617d0156c29A9,identity,delegate_value,5/3/22,null
optimism,jkhuhnke11,0x2345F4E0CdF00D427D773413Dd4617d0156c29A9,social impact,delegate_value,5/3/22,null
optimism,jkhuhnke11,0x23b4980eeb72cfd8d07f734b169f963e5b2d8de4,horatius,delegate_name,5/3/22,null
optimism,jkhuhnke11,0x23b4980eeb72cfd8d07f734b169f963e5b2d8de4,horatius.eth,ens,5/3/22,null
optimism,jkhuhnke11,0x23b4980eeb72cfd8d07f734b169f963e5b2d8de4,governance,delegate_value,5/3/22,null
optimism,jkhuhnke11,0x23b4980eeb72cfd8d07f734b169f963e5b2d8de4,developer tools,delegate_value,5/3/22,null
optimism,jkhuhnke11,0x23b4980eeb72cfd8d07f734b169f963e5b2d8de4,accessibility,delegate_value,5/3/22,null
optimism,jkhuhnke11,0x265c328bf0cad7f6fcddd375a4c02754963e3a2e,Jiawei Hu,delegate_name,5/3/22,null
optimism,jkhuhnke11,0x265c328bf0cad7f6fcddd375a4c02754963e3a2e,hujiawei.eth,ens,5/3/22,null
optimism,jkhuhnke11,0x265c328bf0cad7f6fcddd375a4c02754963e3a2e,DAO,delegate_value,5/3/22,null
optimism,jkhuhnke11,0x265c328bf0cad7f6fcddd375a4c02754963e3a2e,data and analytics,delegate_value,5/3/22,null
optimism,jkhuhnke11,0x265c328bf0cad7f6fcddd375a4c02754963e3a2e,defi,delegate_value,5/3/22,null
optimism,jkhuhnke11,0x265c328bf0cad7f6fcddd375a4c02754963e3a2e,economics,delegate_value,5/3/22,null
optimism,jkhuhnke11,0x265c328bf0cad7f6fcddd375a4c02754963e3a2e,governance,delegate_value,5/3/22,null
optimism,jkhuhnke11,0x265c328bf0cad7f6fcddd375a4c02754963e3a2e,music,delegate_value,5/3/22,null
optimism,jkhuhnke11,0x265c328bf0cad7f6fcddd375a4c02754963e3a2e,NFT,delegate_value,5/3/22,null
optimism,jkhuhnke11,0x265c328bf0cad7f6fcddd375a4c02754963e3a2e,social impact,delegate_value,5/3/22,null
optimism,jkhuhnke11,0x280a53cbf252f1b5f6bde7471299c94ec566a7c8,Jack Gale,delegate_name,5/3/22,null
optimism,jkhuhnke11,0x280a53cbf252f1b5f6bde7471299c94ec566a7c8,jackgale.eth,ens,5/3/22,null
optimism,jkhuhnke11,0x280a53cbf252f1b5f6bde7471299c94ec566a7c8,accessibility,delegate_value,5/3/22,null
optimism,jkhuhnke11,0x280a53cbf252f1b5f6bde7471299c94ec566a7c8,DAO,delegate_value,5/3/22,null
optimism,jkhuhnke11,0x280a53cbf252f1b5f6bde7471299c94ec566a7c8,defi,delegate_value,5/3/22,null
optimism,jkhuhnke11,0x280a53cbf252f1b5f6bde7471299c94ec566a7c8,governance,delegate_value,5/3/22,null
optimism,jkhuhnke11,0x280a53cbf252f1b5f6bde7471299c94ec566a7c8,legal,delegate_value,5/3/22,null
optimism,jkhuhnke11,0x280a53cbf252f1b5f6bde7471299c94ec566a7c8,social impact,delegate_value,5/3/22,null
optimism,jkhuhnke11,0x2b888954421b424c5d3d9ce9bb67c9bd47537d12,Lefteris Karapetsas,delegate_name,5/3/22,null
optimism,jkhuhnke11,0x2b888954421b424c5d3d9ce9bb67c9bd47537d12,lefteris.eth,ens,5/3/22,null
optimism,jkhuhnke11,0x2b888954421b424c5d3d9ce9bb67c9bd47537d12,privacy,delegate_value,5/3/22,null
optimism,jkhuhnke11,0x2b888954421b424c5d3d9ce9bb67c9bd47537d12,data and analytics,delegate_value,5/3/22,null
optimism,jkhuhnke11,0x2b888954421b424c5d3d9ce9bb67c9bd47537d12,defi,delegate_value,5/3/22,null
optimism,jkhuhnke11,0x2b888954421b424c5d3d9ce9bb67c9bd47537d12,infrastructure,delegate_value,5/3/22,null
optimism,jkhuhnke11,0x2b888954421b424c5d3d9ce9bb67c9bd47537d12,economics,delegate_value,5/3/22,null
optimism,jkhuhnke11,0x2d1e7b6e6284409e16991de76d2a82847a7d61c5,Angyts,delegate_name,5/3/22,null
optimism,jkhuhnke11,0x2d1e7b6e6284409e16991de76d2a82847a7d61c5,Angyts.eth,ens,5/3/22,null
optimism,jkhuhnke11,0x2d1e7b6e6284409e16991de76d2a82847a7d61c5,DAO,delegate_value,5/3/22,null
optimism,jkhuhnke11,0x2d1e7b6e6284409e16991de76d2a82847a7d61c5,governance,delegate_value,5/3/22,null
optimism,jkhuhnke11,0x2d1e7b6e6284409e16991de76d2a82847a7d61c5,writing ,delegate_value,5/3/22,null
optimism,jkhuhnke11,0x2d1e7b6e6284409e16991de76d2a82847a7d61c5,writing,delegate_value,5/3/22,null
optimism,jkhuhnke11,0x2fd8bD701461684957a9d6a9d15F9D5cBF17a58d,Jonathan West,delegate_name,5/3/22,null
optimism,jkhuhnke11,0x2fd8bD701461684957a9d6a9d15F9D5cBF17a58d,economics,delegate_value,5/3/22,null
optimism,jkhuhnke11,0x2fd8bD701461684957a9d6a9d15F9D5cBF17a58d,defi,delegate_value,5/3/22,null
optimism,jkhuhnke11,0x2fd8bD701461684957a9d6a9d15F9D5cBF17a58d,events,delegate_value,5/3/22,null
optimism,jkhuhnke11,0x2fd8bD701461684957a9d6a9d15F9D5cBF17a58d,gaming,delegate_value,5/3/22,null
optimism,jkhuhnke11,0x2fd8bD701461684957a9d6a9d15F9D5cBF17a58d,governance,delegate_value,5/3/22,null
optimism,jkhuhnke11,0x34Ff77A853A14579d2120Ac08C5e342CEe08AD71,Eklypse,delegate_name,5/3/22,null
optimism,jkhuhnke11,0x34Ff77A853A14579d2120Ac08C5e342CEe08AD71,social impact,delegate_value,5/3/22,null
optimism,jkhuhnke11,0x34Ff77A853A14579d2120Ac08C5e342CEe08AD71,economics,delegate_value,5/3/22,null
optimism,jkhuhnke11,0x34Ff77A853A14579d2120Ac08C5e342CEe08AD71,DAO,delegate_value,5/3/22,null
optimism,jkhuhnke11,0x34Ff77A853A14579d2120Ac08C5e342CEe08AD71,security,delegate_value,5/3/22,null
optimism,jkhuhnke11,0x34Ff77A853A14579d2120Ac08C5e342CEe08AD71,privacy,delegate_value,5/3/22,null
optimism,jkhuhnke11,0x3D6CdfaFbfB3B76DC02BbEe72564dD3160eACb8a,Bankless,delegate_name,5/3/22,null
optimism,jkhuhnke11,0x3D6CdfaFbfB3B76DC02BbEe72564dD3160eACb8a,writing ,delegate_value,5/3/22,null
optimism,jkhuhnke11,0x3D6CdfaFbfB3B76DC02BbEe72564dD3160eACb8a,economics,delegate_value,5/3/22,null
optimism,jkhuhnke11,0x3D6CdfaFbfB3B76DC02BbEe72564dD3160eACb8a,identity,delegate_value,5/3/22,null
optimism,jkhuhnke11,0x3D6CdfaFbfB3B76DC02BbEe72564dD3160eACb8a,DAO,delegate_value,5/3/22,null
optimism,jkhuhnke11,0x3D6CdfaFbfB3B76DC02BbEe72564dD3160eACb8a,infrastructure,delegate_value,5/3/22,null
optimism,jkhuhnke11,0x3D6CdfaFbfB3B76DC02BbEe72564dD3160eACb8a,writing,delegate_value,5/3/22,null
optimism,jkhuhnke11,0x406eb55A7636Cd2782fCDfaD8Df6BD767D13Cbf1,Crypto A S,delegate_name,5/3/22,null
optimism,jkhuhnke11,0x406eb55A7636Cd2782fCDfaD8Df6BD767D13Cbf1,defi,delegate_value,5/3/22,null
optimism,jkhuhnke11,0x406eb55A7636Cd2782fCDfaD8Df6BD767D13Cbf1,economics,delegate_value,5/3/22,null
optimism,jkhuhnke11,0x406eb55A7636Cd2782fCDfaD8Df6BD767D13Cbf1,governance,delegate_value,5/3/22,null
optimism,jkhuhnke11,0x406eb55A7636Cd2782fCDfaD8Df6BD767D13Cbf1,identity,delegate_value,5/3/22,null
optimism,jkhuhnke11,0x406eb55A7636Cd2782fCDfaD8Df6BD767D13Cbf1,infrastructure,delegate_value,5/3/22,null
optimism,jkhuhnke11,0x429f9ada43e9f345cbb85ec88681bb70df808892,Polynya,delegate_name,5/3/22,null
optimism,jkhuhnke11,0x429f9ada43e9f345cbb85ec88681bb70df808892,polynya.eth,ens,5/3/22,null
optimism,jkhuhnke11,0x429f9ada43e9f345cbb85ec88681bb70df808892,accessibility,delegate_value,5/3/22,null
optimism,jkhuhnke11,0x429f9ada43e9f345cbb85ec88681bb70df808892,identity,delegate_value,5/3/22,null
optimism,jkhuhnke11,0x429f9ada43e9f345cbb85ec88681bb70df808892,security,delegate_value,5/3/22,null
optimism,jkhuhnke11,0x429f9ada43e9f345cbb85ec88681bb70df808892,social impact,delegate_value,5/3/22,null
optimism,jkhuhnke11,0x45a10f35befa4ab841c77860204b133118b7ccae,The Ethernaut,delegate_name,5/3/22,null
optimism,jkhuhnke11,0x45a10f35befa4ab841c77860204b133118b7ccae,theethernaut.eth,ens,5/3/22,null
optimism,jkhuhnke11,0x45a10f35befa4ab841c77860204b133118b7ccae,governance,delegate_value,5/3/22,null
optimism,jkhuhnke11,0x45a10f35befa4ab841c77860204b133118b7ccae,defi,delegate_value,5/3/22,null
optimism,jkhuhnke11,0x46abfe1c972fca43766d6ad70e1c1df72f4bb4d1,Synthetix Ambassador Council,delegate_name,5/3/22,null
optimism,jkhuhnke11,0x46abfe1c972fca43766d6ad70e1c1df72f4bb4d1,snxambassador.eth,ens,5/3/22,null
optimism,jkhuhnke11,0x46abfe1c972fca43766d6ad70e1c1df72f4bb4d1,DAO ,delegate_value,5/3/22,null
optimism,jkhuhnke11,0x46abfe1c972fca43766d6ad70e1c1df72f4bb4d1,governance,delegate_value,5/3/22,null
optimism,jkhuhnke11,0x46abfe1c972fca43766d6ad70e1c1df72f4bb4d1,legal,delegate_value,5/3/22,null
optimism,jkhuhnke11,0x46abfe1c972fca43766d6ad70e1c1df72f4bb4d1,economics,delegate_value,5/3/22,null
optimism,jkhuhnke11,0x46abfe1c972fca43766d6ad70e1c1df72f4bb4d1,DAO,delegate_value,5/3/22,null
optimism,jkhuhnke11,0x47f7ea0dd4418aa1cec00786f5c47623ac37ba42,starit,delegate_name,5/3/22,null
optimism,jkhuhnke11,0x47f7ea0dd4418aa1cec00786f5c47623ac37ba42,starit.eth,ens,5/3/22,null
optimism,jkhuhnke11,0x47f7ea0dd4418aa1cec00786f5c47623ac37ba42,defi,delegate_value,5/3/22,null
optimism,jkhuhnke11,0x47f7ea0dd4418aa1cec00786f5c47623ac37ba42,accessibility,delegate_value,5/3/22,null
optimism,jkhuhnke11,0x47f7ea0dd4418aa1cec00786f5c47623ac37ba42,DAO,delegate_value,5/3/22,null
optimism,jkhuhnke11,0x47f7ea0dd4418aa1cec00786f5c47623ac37ba42,data and analytics,delegate_value,5/3/22,null
optimism,jkhuhnke11,0x48a63097e1ac123b1f5a8bbffafa4afa8192fab0,ceresstation,delegate_name,5/3/22,null
optimism,jkhuhnke11,0x48a63097e1ac123b1f5a8bbffafa4afa8192fab0,ceresstation.eth,ens,5/3/22,null
optimism,jkhuhnke11,0x48a63097e1ac123b1f5a8bbffafa4afa8192fab0,partnerships,delegate_value,5/3/22,null
optimism,jkhuhnke11,0x48a63097e1ac123b1f5a8bbffafa4afa8192fab0,governance,delegate_value,5/3/22,null
optimism,jkhuhnke11,0x48a63097e1ac123b1f5a8bbffafa4afa8192fab0,economics,delegate_value,5/3/22,null
optimism,jkhuhnke11,0x48a63097e1ac123b1f5a8bbffafa4afa8192fab0,communication,delegate_value,5/3/22,null
optimism,jkhuhnke11,0x4a02cd742904a46e0926cba4d3382ad0403e8fcb,Crise,delegate_name,5/3/22,null
optimism,jkhuhnke11,0x4a02cd742904a46e0926cba4d3382ad0403e8fcb,crise.eth,ens,5/3/22,null
optimism,jkhuhnke11,0x4a02cd742904a46e0926cba4d3382ad0403e8fcb,bridges,delegate_value,5/3/22,null
optimism,jkhuhnke11,0x4a02cd742904a46e0926cba4d3382ad0403e8fcb,DAO,delegate_value,5/3/22,null
optimism,jkhuhnke11,0x4a02cd742904a46e0926cba4d3382ad0403e8fcb,data and analytics,delegate_value,5/3/22,null
optimism,jkhuhnke11,0x4a02cd742904a46e0926cba4d3382ad0403e8fcb,defi,delegate_value,5/3/22,null
optimism,jkhuhnke11,0x4a02cd742904a46e0926cba4d3382ad0403e8fcb,NFT,delegate_value,5/3/22,null
optimism,jkhuhnke11,0x4ac799e9b0e252bc45d499857c84809a5a444ae0,Forrest Norwood,delegate_name,5/3/22,null
optimism,jkhuhnke11,0x4ac799e9b0e252bc45d499857c84809a5a444ae0,forrestn.eth,ens,5/3/22,null
optimism,jkhuhnke11,0x4ac799e9b0e252bc45d499857c84809a5a444ae0,defi,delegate_value,5/3/22,null
optimism,jkhuhnke11,0x4ac799e9b0e252bc45d499857c84809a5a444ae0,privacy,delegate_value,5/3/22,null
optimism,jkhuhnke11,0x4ac799e9b0e252bc45d499857c84809a5a444ae0,writing ,delegate_value,5/3/22,null
optimism,jkhuhnke11,0x4ac799e9b0e252bc45d499857c84809a5a444ae0,gaming,delegate_value,5/3/22,null
optimism,jkhuhnke11,0x4ac799e9b0e252bc45d499857c84809a5a444ae0,writing,delegate_value,5/3/22,null
optimism,jkhuhnke11,0x4f41877773e44f2275da1942fee898556821bf66,Jack Anorak,delegate_name,5/3/22,null
optimism,jkhuhnke11,0x4f41877773e44f2275da1942fee898556821bf66,jackanorak.eth,ens,5/3/22,null
optimism,jkhuhnke11,0x4f41877773e44f2275da1942fee898556821bf66,economics,delegate_value,5/3/22,null
optimism,jkhuhnke11,0x4f41877773e44f2275da1942fee898556821bf66,governance,delegate_value,5/3/22,null
optimism,jkhuhnke11,0x4f41877773e44f2275da1942fee898556821bf66,accessibility,delegate_value,5/3/22,null
optimism,jkhuhnke11,0x4f41877773e44f2275da1942fee898556821bf66,defi,delegate_value,5/3/22,null
optimism,jkhuhnke11,0x4f41877773e44f2275da1942fee898556821bf66,infrastructure,delegate_value,5/3/22,null
optimism,jkhuhnke11,0x512fce9b07ce64590849115ee6b32fd40ec0f5f3,Solarcurve,delegate_name,5/3/22,null
optimism,jkhuhnke11,0x512fce9b07ce64590849115ee6b32fd40ec0f5f3,solarcurve.eth,ens,5/3/22,null
optimism,jkhuhnke11,0x512fce9b07ce64590849115ee6b32fd40ec0f5f3,DAO,delegate_value,5/3/22,null
optimism,jkhuhnke11,0x512fce9b07ce64590849115ee6b32fd40ec0f5f3,defi,delegate_value,5/3/22,null
optimism,jkhuhnke11,0x512fce9b07ce64590849115ee6b32fd40ec0f5f3,economics,delegate_value,5/3/22,null
optimism,jkhuhnke11,0x512fce9b07ce64590849115ee6b32fd40ec0f5f3,governance,delegate_value,5/3/22,null
optimism,jkhuhnke11,0x512fce9b07ce64590849115ee6b32fd40ec0f5f3,writing ,delegate_value,5/3/22,null
optimism,jkhuhnke11,0x512fce9b07ce64590849115ee6b32fd40ec0f5f3,writing,delegate_value,5/3/22,null
optimism,jkhuhnke11,0x523d007855B3543797E0d3D462CB44B601274819,Daniele Salatti,delegate_name,5/3/22,null
optimism,jkhuhnke11,0x523d007855B3543797E0d3D462CB44B601274819,salatti.eth,ens,5/3/22,null
optimism,jkhuhnke11,0x523d007855B3543797E0d3D462CB44B601274819,governance,delegate_value,5/3/22,null
optimism,jkhuhnke11,0x523d007855B3543797E0d3D462CB44B601274819,infrastructure,delegate_value,5/3/22,null
optimism,jkhuhnke11,0x523d007855B3543797E0d3D462CB44B601274819,social impact,delegate_value,5/3/22,null
optimism,jkhuhnke11,0x523d007855B3543797E0d3D462CB44B601274819,developer tools,delegate_value,5/3/22,null
optimism,jkhuhnke11,0x523d007855B3543797E0d3D462CB44B601274819,identity,delegate_value,5/3/22,null
optimism,jkhuhnke11,0x54becc7560a7be76d72ed76a1f5fee6c5a2a7ab6,Pop,delegate_name,5/3/22,null
optimism,jkhuhnke11,0x54becc7560a7be76d72ed76a1f5fee6c5a2a7ab6,simona.eth,ens,5/3/22,null
optimism,jkhuhnke11,0x54becc7560a7be76d72ed76a1f5fee6c5a2a7ab6,accessibility,delegate_value,5/3/22,null
optimism,jkhuhnke11,0x54becc7560a7be76d72ed76a1f5fee6c5a2a7ab6,DAO,delegate_value,5/3/22,null
optimism,jkhuhnke11,0x54becc7560a7be76d72ed76a1f5fee6c5a2a7ab6,economics,delegate_value,5/3/22,null
optimism,jkhuhnke11,0x54becc7560a7be76d72ed76a1f5fee6c5a2a7ab6,events,delegate_value,5/3/22,null
optimism,jkhuhnke11,0x54becc7560a7be76d72ed76a1f5fee6c5a2a7ab6,governance,delegate_value,5/3/22,null
optimism,jkhuhnke11,0x54becc7560a7be76d72ed76a1f5fee6c5a2a7ab6,identity,delegate_value,5/3/22,null
optimism,jkhuhnke11,0x54becc7560a7be76d72ed76a1f5fee6c5a2a7ab6,NFT,delegate_value,5/3/22,null
optimism,jkhuhnke11,0x54becc7560a7be76d72ed76a1f5fee6c5a2a7ab6,privacy,delegate_value,5/3/22,null
optimism,jkhuhnke11,0x54becc7560a7be76d72ed76a1f5fee6c5a2a7ab6,security,delegate_value,5/3/22,null
optimism,jkhuhnke11,0x54becc7560a7be76d72ed76a1f5fee6c5a2a7ab6,social impact,delegate_value,5/3/22,null
optimism,jkhuhnke11,0x54becc7560a7be76d72ed76a1f5fee6c5a2a7ab6,writing ,delegate_value,5/3/22,null
optimism,jkhuhnke11,0x54becc7560a7be76d72ed76a1f5fee6c5a2a7ab6,writing,delegate_value,5/3/22,null
optimism,jkhuhnke11,0x556e91e08165389b90cac3c1d4ece2069306586b,SimplyCryptoXO,delegate_name,5/3/22,null
optimism,jkhuhnke11,0x556e91e08165389b90cac3c1d4ece2069306586b,tapiocada0.eth,ens,5/3/22,null
optimism,jkhuhnke11,0x556e91e08165389b90cac3c1d4ece2069306586b,accessibility,delegate_value,5/3/22,null
optimism,jkhuhnke11,0x556e91e08165389b90cac3c1d4ece2069306586b,social impact,delegate_value,5/3/22,null
optimism,jkhuhnke11,0x556e91e08165389b90cac3c1d4ece2069306586b,DAO,delegate_value,5/3/22,null
optimism,jkhuhnke11,0x556e91e08165389b90cac3c1d4ece2069306586b,writing ,delegate_value,5/3/22,null
optimism,jkhuhnke11,0x556e91e08165389b90cac3c1d4ece2069306586b,defi,delegate_value,5/3/22,null
optimism,jkhuhnke11,0x556e91e08165389b90cac3c1d4ece2069306586b,writing,delegate_value,5/3/22,null
optimism,jkhuhnke11,0x55FB540BE6496628faD9286A98fE35f39e4cfCF6,ThaCodeBlok,delegate_name,5/3/22,null
optimism,jkhuhnke11,0x55FB540BE6496628faD9286A98fE35f39e4cfCF6,defi,delegate_value,5/3/22,null
optimism,jkhuhnke11,0x55FB540BE6496628faD9286A98fE35f39e4cfCF6,NFT,delegate_value,5/3/22,null
optimism,jkhuhnke11,0x55FB540BE6496628faD9286A98fE35f39e4cfCF6,privacy,delegate_value,5/3/22,null
optimism,jkhuhnke11,0x55FB540BE6496628faD9286A98fE35f39e4cfCF6,oracles,delegate_value,5/3/22,null
optimism,jkhuhnke11,0x5B3bFfC0bcF8D4cAEC873fDcF719F60725767c98,Llama,delegate_name,5/3/22,null
optimism,jkhuhnke11,0x5B3bFfC0bcF8D4cAEC873fDcF719F60725767c98,DAO,delegate_value,5/3/22,null
optimism,jkhuhnke11,0x5B3bFfC0bcF8D4cAEC873fDcF719F60725767c98,defi,delegate_value,5/3/22,null
optimism,jkhuhnke11,0x5B3bFfC0bcF8D4cAEC873fDcF719F60725767c98,governance,delegate_value,5/3/22,null
optimism,jkhuhnke11,0x5B3bFfC0bcF8D4cAEC873fDcF719F60725767c98,economics,delegate_value,5/3/22,null
optimism,jkhuhnke11,0x5B3bFfC0bcF8D4cAEC873fDcF719F60725767c98,developer tools,delegate_value,5/3/22,null
optimism,jkhuhnke11,0x5e349eca2dc61aBCd9dD99Ce94d04136151a09Ee,Linda Xie,delegate_name,5/3/22,null
optimism,jkhuhnke11,0x5e349eca2dc61aBCd9dD99Ce94d04136151a09Ee,accessibility,delegate_value,5/3/22,null
optimism,jkhuhnke11,0x5e349eca2dc61aBCd9dD99Ce94d04136151a09Ee,DAO,delegate_value,5/3/22,null
optimism,jkhuhnke11,0x5e349eca2dc61aBCd9dD99Ce94d04136151a09Ee,defi,delegate_value,5/3/22,null
optimism,jkhuhnke11,0x5e349eca2dc61aBCd9dD99Ce94d04136151a09Ee,governance,delegate_value,5/3/22,null
optimism,jkhuhnke11,0x5e349eca2dc61aBCd9dD99Ce94d04136151a09Ee,identity,delegate_value,5/3/22,null
optimism,jkhuhnke11,0x62a43123fe71f9764f26554b3f5017627996816a,Flipside Crypto,delegate_name,5/3/22,null
optimism,jkhuhnke11,0x62a43123fe71f9764f26554b3f5017627996816a,flipsidecrypto.eth,ens,5/3/22,null
optimism,jkhuhnke11,0x62a43123fe71f9764f26554b3f5017627996816a,data and analytics,delegate_value,5/3/22,null
optimism,jkhuhnke11,0x62a43123fe71f9764f26554b3f5017627996816a,governance,delegate_value,5/3/22,null
optimism,jkhuhnke11,0x62a43123fe71f9764f26554b3f5017627996816a,DAOs,delegate_value,5/3/22,null
optimism,jkhuhnke11,0x6bb6c0be4847e1432130353af693e33c66778f3e,AlanXing,delegate_name,5/3/22,null
optimism,jkhuhnke11,0x6bb6c0be4847e1432130353af693e33c66778f3e,alanxing.eth,ens,5/3/22,null
optimism,jkhuhnke11,0x6bb6c0be4847e1432130353af693e33c66778f3e,DAO ,delegate_value,5/3/22,null
optimism,jkhuhnke11,0x6bb6c0be4847e1432130353af693e33c66778f3e,defi,delegate_value,5/3/22,null
optimism,jkhuhnke11,0x6bb6c0be4847e1432130353af693e33c66778f3e,governance,delegate_value,5/3/22,null
optimism,jkhuhnke11,0x6bb6c0be4847e1432130353af693e33c66778f3e,NFT,delegate_value,5/3/22,null
optimism,jkhuhnke11,0x6bb6c0be4847e1432130353af693e33c66778f3e,economics,delegate_value,5/3/22,null
optimism,jkhuhnke11,0x6bb6c0be4847e1432130353af693e33c66778f3e,DAO,delegate_value,5/3/22,null
optimism,jkhuhnke11,0x6c744935a2b9ed54536a2b1dcb055a1f09310802,Lofi Jingles,delegate_name,5/3/22,null
optimism,jkhuhnke11,0x6c744935a2b9ed54536a2b1dcb055a1f09310802,hodle.eth,ens,5/3/22,null
optimism,jkhuhnke11,0x6c744935a2b9ed54536a2b1dcb055a1f09310802,DAO,delegate_value,5/3/22,null
optimism,jkhuhnke11,0x6c744935a2b9ed54536a2b1dcb055a1f09310802,economics,delegate_value,5/3/22,null
optimism,jkhuhnke11,0x6c744935a2b9ed54536a2b1dcb055a1f09310802,NFT,delegate_value,5/3/22,null
optimism,jkhuhnke11,0x6c744935a2b9ed54536a2b1dcb055a1f09310802,defi,delegate_value,5/3/22,null
optimism,jkhuhnke11,0x6c744935a2b9ed54536a2b1dcb055a1f09310802,governance,delegate_value,5/3/22,null
optimism,jkhuhnke11,0x6c744935a2b9ed54536a2b1dcb055a1f09310802,social impact,delegate_value,5/3/22,null
optimism,jkhuhnke11,0x6cea573473348367a5f66e0f261bfa25799e6a60,mjs,delegate_name,5/3/22,null
optimism,jkhuhnke11,0x6cea573473348367a5f66e0f261bfa25799e6a60,mjs.eth,ens,5/3/22,null
optimism,jkhuhnke11,0x6cea573473348367a5f66e0f261bfa25799e6a60,DAO,delegate_value,5/3/22,null
optimism,jkhuhnke11,0x6cea573473348367a5f66e0f261bfa25799e6a60,defi,delegate_value,5/3/22,null
optimism,jkhuhnke11,0x6cea573473348367a5f66e0f261bfa25799e6a60,economics,delegate_value,5/3/22,null
optimism,jkhuhnke11,0x6cea573473348367a5f66e0f261bfa25799e6a60,governance,delegate_value,5/3/22,null
optimism,jkhuhnke11,0x6cea573473348367a5f66e0f261bfa25799e6a60,infrastructure,delegate_value,5/3/22,null
optimism,jkhuhnke11,0x6d3f1b18cd155ba5aab0f3467e3cbe9c4a339656,rasmuky,delegate_name,5/3/22,null
optimism,jkhuhnke11,0x6d3f1b18cd155ba5aab0f3467e3cbe9c4a339656,rasmuky.eth,ens,5/3/22,null
optimism,jkhuhnke11,0x6d3f1b18cd155ba5aab0f3467e3cbe9c4a339656,data and analytics,delegate_value,5/3/22,null
optimism,jkhuhnke11,0x6d3f1b18cd155ba5aab0f3467e3cbe9c4a339656,defi,delegate_value,5/3/22,null
optimism,jkhuhnke11,0x6d3f1b18cd155ba5aab0f3467e3cbe9c4a339656,economics,delegate_value,5/3/22,null
optimism,jkhuhnke11,0x6d3f1b18cd155ba5aab0f3467e3cbe9c4a339656,identity,delegate_value,5/3/22,null
optimism,jkhuhnke11,0x6d3f1b18cd155ba5aab0f3467e3cbe9c4a339656,security,delegate_value,5/3/22,null
optimism,jkhuhnke11,0x6eda5acaff7f5964e1ecc3fd61c62570c186ca0c,Michael Vander Meiden,delegate_name,5/3/22,null
optimism,jkhuhnke11,0x6eda5acaff7f5964e1ecc3fd61c62570c186ca0c,shrub.eth,ens,5/3/22,null
optimism,jkhuhnke11,0x6eda5acaff7f5964e1ecc3fd61c62570c186ca0c,economics,delegate_value,5/3/22,null
optimism,jkhuhnke11,0x6eda5acaff7f5964e1ecc3fd61c62570c186ca0c,infrastructure,delegate_value,5/3/22,null
optimism,jkhuhnke11,0x6eda5acaff7f5964e1ecc3fd61c62570c186ca0c,defi,delegate_value,5/3/22,null
optimism,jkhuhnke11,0x6eda5acaff7f5964e1ecc3fd61c62570c186ca0c,social impact,delegate_value,5/3/22,null
optimism,jkhuhnke11,0x6eda5acaff7f5964e1ecc3fd61c62570c186ca0c,wallets,delegate_value,5/3/22,null
optimism,jkhuhnke11,0x6fc69da059944b4895d65f385b9a26b1285cab88,Muiris,delegate_name,5/3/22,null
optimism,jkhuhnke11,0x6fc69da059944b4895d65f385b9a26b1285cab88,muiris.eth,ens,5/3/22,null
optimism,jkhuhnke11,0x6fc69da059944b4895d65f385b9a26b1285cab88,DAO,delegate_value,5/3/22,null
optimism,jkhuhnke11,0x6fc69da059944b4895d65f385b9a26b1285cab88,economics,delegate_value,5/3/22,null
optimism,jkhuhnke11,0x6fc69da059944b4895d65f385b9a26b1285cab88,social impact,delegate_value,5/3/22,null
optimism,jkhuhnke11,0x6fc69da059944b4895d65f385b9a26b1285cab88,privacy,delegate_value,5/3/22,null
optimism,jkhuhnke11,0x731df5aa088efe96473a29c37bf3095bd113b381,Vikram,delegate_name,5/3/22,null
optimism,jkhuhnke11,0x731df5aa088efe96473a29c37bf3095bd113b381,kramnatius.eth,ens,5/3/22,null
optimism,jkhuhnke11,0x731df5aa088efe96473a29c37bf3095bd113b381,accessibility,delegate_value,5/3/22,null
optimism,jkhuhnke11,0x731df5aa088efe96473a29c37bf3095bd113b381,identity,delegate_value,5/3/22,null
optimism,jkhuhnke11,0x731df5aa088efe96473a29c37bf3095bd113b381,social impact,delegate_value,5/3/22,null
optimism,jkhuhnke11,0x731df5aa088efe96473a29c37bf3095bd113b381,defi,delegate_value,5/3/22,null
optimism,jkhuhnke11,0x741d082ADa82DFeD62da05d5eAB92DaC13836d74,Supha,delegate_name,5/3/22,null
optimism,jkhuhnke11,0x741d082ADa82DFeD62da05d5eAB92DaC13836d74,defi,delegate_value,5/3/22,null
optimism,jkhuhnke11,0x741d082ADa82DFeD62da05d5eAB92DaC13836d74,DAO,delegate_value,5/3/22,null
optimism,jkhuhnke11,0x741d082ADa82DFeD62da05d5eAB92DaC13836d74,security,delegate_value,5/3/22,null
optimism,jkhuhnke11,0x75536CF4f01c2bFa528F5c74DdC1232Db3aF3Ee5,Katie,delegate_name,5/3/22,null
optimism,jkhuhnke11,0x75536CF4f01c2bFa528F5c74DdC1232Db3aF3Ee5,DAO,delegate_value,5/3/22,null
optimism,jkhuhnke11,0x75536CF4f01c2bFa528F5c74DdC1232Db3aF3Ee5,defi,delegate_value,5/3/22,null
optimism,jkhuhnke11,0x75536CF4f01c2bFa528F5c74DdC1232Db3aF3Ee5,events,delegate_value,5/3/22,null
optimism,jkhuhnke11,0x75536CF4f01c2bFa528F5c74DdC1232Db3aF3Ee5,governance,delegate_value,5/3/22,null
optimism,jkhuhnke11,0x758cc24a652b4ef3b3377dff950b8377c9380c92,Dan Wang,delegate_name,5/3/22,null
optimism,jkhuhnke11,0x758cc24a652b4ef3b3377dff950b8377c9380c92,naturesbounty.eth,ens,5/3/22,null
optimism,jkhuhnke11,0x758cc24a652b4ef3b3377dff950b8377c9380c92,DAO,delegate_value,5/3/22,null
optimism,jkhuhnke11,0x758cc24a652b4ef3b3377dff950b8377c9380c92,defi,delegate_value,5/3/22,null
optimism,jkhuhnke11,0x758cc24a652b4ef3b3377dff950b8377c9380c92,governance,delegate_value,5/3/22,null
optimism,jkhuhnke11,0x758cc24a652b4ef3b3377dff950b8377c9380c92,NFT,delegate_value,5/3/22,null
optimism,jkhuhnke11,0x758cc24a652b4ef3b3377dff950b8377c9380c92,social impact,delegate_value,5/3/22,null
optimism,jkhuhnke11,0x77f52c6f7b47F833d6032b1Dc172Bc2892B8c75f,Ovetta,delegate_name,5/3/22,null
optimism,jkhuhnke11,0x77f52c6f7b47F833d6032b1Dc172Bc2892B8c75f,privacy,delegate_value,5/3/22,null
optimism,jkhuhnke11,0x77f52c6f7b47F833d6032b1Dc172Bc2892B8c75f,identity,delegate_value,5/3/22,null
optimism,jkhuhnke11,0x77f52c6f7b47F833d6032b1Dc172Bc2892B8c75f,writing ,delegate_value,5/3/22,null
optimism,jkhuhnke11,0x77f52c6f7b47F833d6032b1Dc172Bc2892B8c75f,writing,delegate_value,5/3/22,null
optimism,jkhuhnke11,0x7899d9b1181cbb427b0b1be0684c096c260f7474,MinimalGravitas,delegate_name,5/3/22,null
optimism,jkhuhnke11,0x7899d9b1181cbb427b0b1be0684c096c260f7474,MinimalGravitas.ETH,ens,5/3/22,null
optimism,jkhuhnke11,0x7899d9b1181cbb427b0b1be0684c096c260f7474,DAO,delegate_value,5/3/22,null
optimism,jkhuhnke11,0x7899d9b1181cbb427b0b1be0684c096c260f7474,economics,delegate_value,5/3/22,null
optimism,jkhuhnke11,0x7899d9b1181cbb427b0b1be0684c096c260f7474,environment,delegate_value,5/3/22,null
optimism,jkhuhnke11,0x7899d9b1181cbb427b0b1be0684c096c260f7474,governance,delegate_value,5/3/22,null
optimism,jkhuhnke11,0x7899d9b1181cbb427b0b1be0684c096c260f7474,social impact,delegate_value,5/3/22,null
optimism,jkhuhnke11,0x7ae109a63ff4dc852e063a673b40bed85d22e585,Blockchain at Berkeley,delegate_name,5/3/22,null
optimism,jkhuhnke11,0x7ae109a63ff4dc852e063a673b40bed85d22e585,CalBlockchain.eth,ens,5/3/22,null
optimism,jkhuhnke11,0x7ae109a63ff4dc852e063a673b40bed85d22e585,DAO,delegate_value,5/3/22,null
optimism,jkhuhnke11,0x7ae109a63ff4dc852e063a673b40bed85d22e585,defi,delegate_value,5/3/22,null
optimism,jkhuhnke11,0x7ae109a63ff4dc852e063a673b40bed85d22e585,infrastructure,delegate_value,5/3/22,null
optimism,jkhuhnke11,0x7ae109a63ff4dc852e063a673b40bed85d22e585,social impact,delegate_value,5/3/22,null
optimism,jkhuhnke11,0x7d3335fe8189f655f466603327d00d6abbf6c441,OrganiX,delegate_name,5/3/22,null
optimism,jkhuhnke11,0x7d3335fe8189f655f466603327d00d6abbf6c441,Organix.Eth,ens,5/3/22,null
optimism,jkhuhnke11,0x7d3335fe8189f655f466603327d00d6abbf6c441,communication,delegate_value,5/3/22,null
optimism,jkhuhnke11,0x7d3335fe8189f655f466603327d00d6abbf6c441,defi,delegate_value,5/3/22,null
optimism,jkhuhnke11,0x839395e20bbb182fa440d08f850e6c7a8f6f0780,Griff Green,delegate_name,5/3/22,null
optimism,jkhuhnke11,0x839395e20bbb182fa440d08f850e6c7a8f6f0780,griff.eth,ens,5/3/22,null
optimism,jkhuhnke11,0x839395e20bbb182fa440d08f850e6c7a8f6f0780,DAO,delegate_value,5/3/22,null
optimism,jkhuhnke11,0x839395e20bbb182fa440d08f850e6c7a8f6f0780,economics,delegate_value,5/3/22,null
optimism,jkhuhnke11,0x839395e20bbb182fa440d08f850e6c7a8f6f0780,governance,delegate_value,5/3/22,null
optimism,jkhuhnke11,0x839395e20bbb182fa440d08f850e6c7a8f6f0780,identity,delegate_value,5/3/22,null
optimism,jkhuhnke11,0x839395e20bbb182fa440d08f850e6c7a8f6f0780,social impact,delegate_value,5/3/22,null
optimism,jkhuhnke11,0x839551ad5cd3a17061eb11a3fbb6141293eb92a2,Marc Arjoon,delegate_name,5/3/22,null
optimism,jkhuhnke11,0x839551ad5cd3a17061eb11a3fbb6141293eb92a2,arjoon.eth,ens,5/3/22,null
optimism,jkhuhnke11,0x839551ad5cd3a17061eb11a3fbb6141293eb92a2,data and analytics,delegate_value,5/3/22,null
optimism,jkhuhnke11,0x839551ad5cd3a17061eb11a3fbb6141293eb92a2,defi,delegate_value,5/3/22,null
optimism,jkhuhnke11,0x839551ad5cd3a17061eb11a3fbb6141293eb92a2,economics,delegate_value,5/3/22,null
optimism,jkhuhnke11,0x839551ad5cd3a17061eb11a3fbb6141293eb92a2,writing ,delegate_value,5/3/22,null
optimism,jkhuhnke11,0x839551ad5cd3a17061eb11a3fbb6141293eb92a2,accessibility,delegate_value,5/3/22,null
optimism,jkhuhnke11,0x839551ad5cd3a17061eb11a3fbb6141293eb92a2,writing,delegate_value,5/3/22,null
optimism,jkhuhnke11,0x84da37133a088fbf4e21d80aec2cc260b52ea116z,k.mirror.xyz,delegate_name,5/3/22,null
optimism,jkhuhnke11,0x84da37133a088fbf4e21d80aec2cc260b52ea116z,writing ,delegate_value,5/3/22,null
optimism,jkhuhnke11,0x84da37133a088fbf4e21d80aec2cc260b52ea116z,DAO,delegate_value,5/3/22,null
optimism,jkhuhnke11,0x84da37133a088fbf4e21d80aec2cc260b52ea116z,gaming,delegate_value,5/3/22,null
optimism,jkhuhnke11,0x84da37133a088fbf4e21d80aec2cc260b52ea116z,governance,delegate_value,5/3/22,null
optimism,jkhuhnke11,0x84da37133a088fbf4e21d80aec2cc260b52ea116z,accessibility,delegate_value,5/3/22,null
optimism,jkhuhnke11,0x84da37133a088fbf4e21d80aec2cc260b52ea116z,writing,delegate_value,5/3/22,null
optimism,jkhuhnke11,0x85d33380514aba3ae6cf1c58ad9717a2b1cf0272,Hongjian Jiang,delegate_name,5/3/22,null
optimism,jkhuhnke11,0x85d33380514aba3ae6cf1c58ad9717a2b1cf0272,jhj567.eth,ens,5/3/22,null
optimism,jkhuhnke11,0x85d33380514aba3ae6cf1c58ad9717a2b1cf0272,defi,delegate_value,5/3/22,null
optimism,jkhuhnke11,0x85d33380514aba3ae6cf1c58ad9717a2b1cf0272,governance,delegate_value,5/3/22,null
optimism,jkhuhnke11,0x85d33380514aba3ae6cf1c58ad9717a2b1cf0272,identity,delegate_value,5/3/22,null
optimism,jkhuhnke11,0x85d33380514aba3ae6cf1c58ad9717a2b1cf0272,writing ,delegate_value,5/3/22,null
optimism,jkhuhnke11,0x85d33380514aba3ae6cf1c58ad9717a2b1cf0272,social impact,delegate_value,5/3/22,null
optimism,jkhuhnke11,0x85d33380514aba3ae6cf1c58ad9717a2b1cf0272,writing,delegate_value,5/3/22,null
optimism,jkhuhnke11,0x8c28cf33d9fd3d0293f963b1cd27e3ff422b425c,Snapshot Labs,delegate_name,5/3/22,null
optimism,jkhuhnke11,0x8c28cf33d9fd3d0293f963b1cd27e3ff422b425c,shot.eth,ens,5/3/22,null
optimism,jkhuhnke11,0x8c28cf33d9fd3d0293f963b1cd27e3ff422b425c,DAO,delegate_value,5/3/22,null
optimism,jkhuhnke11,0x8c28cf33d9fd3d0293f963b1cd27e3ff422b425c,governance,delegate_value,5/3/22,null
optimism,jkhuhnke11,0x8c28cf33d9fd3d0293f963b1cd27e3ff422b425c,infrastructure,delegate_value,5/3/22,null
optimism,jkhuhnke11,0x8c28cf33d9fd3d0293f963b1cd27e3ff422b425c,social impact,delegate_value,5/3/22,null
optimism,jkhuhnke11,0x8c28cf33d9fd3d0293f963b1cd27e3ff422b425c,identity,delegate_value,5/3/22,null
optimism,jkhuhnke11,0x8c580556fdb1f57853e49f409ae9b89f7658e7a2,web3magnetic,delegate_name,5/3/22,null
optimism,jkhuhnke11,0x8c580556fdb1f57853e49f409ae9b89f7658e7a2,web3magnetic.eth,ens,5/3/22,null
optimism,jkhuhnke11,0x8c580556fdb1f57853e49f409ae9b89f7658e7a2,defi,delegate_value,5/3/22,null
optimism,jkhuhnke11,0x8c580556fdb1f57853e49f409ae9b89f7658e7a2,social impact,delegate_value,5/3/22,null
optimism,jkhuhnke11,0x8c580556fdb1f57853e49f409ae9b89f7658e7a2,economics,delegate_value,5/3/22,null
optimism,jkhuhnke11,0x8d07D225a769b7Af3A923481E1FdF49180e6A265,monetsupply,delegate_name,5/3/22,null
optimism,jkhuhnke11,0x8d07D225a769b7Af3A923481E1FdF49180e6A265,monetsupply.eth,ens,5/3/22,null
optimism,jkhuhnke11,0x8d07D225a769b7Af3A923481E1FdF49180e6A265,defi,delegate_value,5/3/22,null
optimism,jkhuhnke11,0x8d07D225a769b7Af3A923481E1FdF49180e6A265,governance,delegate_value,5/3/22,null
optimism,jkhuhnke11,0x8d07D225a769b7Af3A923481E1FdF49180e6A265,economics,delegate_value,5/3/22,null
optimism,jkhuhnke11,0x8e0c66bf9fca6acdc97c2b753aae0c89e9377b74,Dane Lund,delegate_name,5/3/22,null
optimism,jkhuhnke11,0x8e0c66bf9fca6acdc97c2b753aae0c89e9377b74,danelund.eth,ens,5/3/22,null
optimism,jkhuhnke11,0x8e0c66bf9fca6acdc97c2b753aae0c89e9377b74,DAO,delegate_value,5/3/22,null
optimism,jkhuhnke11,0x8e0c66bf9fca6acdc97c2b753aae0c89e9377b74,governance,delegate_value,5/3/22,null
optimism,jkhuhnke11,0x8e0c66bf9fca6acdc97c2b753aae0c89e9377b74,legal,delegate_value,5/3/22,null
optimism,jkhuhnke11,0x8e0c66bf9fca6acdc97c2b753aae0c89e9377b74,economics,delegate_value,5/3/22,null
optimism,jkhuhnke11,0x8e0c66bf9fca6acdc97c2b753aae0c89e9377b74,writing ,delegate_value,5/3/22,null
optimism,jkhuhnke11,0x8e0c66bf9fca6acdc97c2b753aae0c89e9377b74,writing,delegate_value,5/3/22,null
optimism,jkhuhnke11,0x8f07bc36ff569312fdc41f3867d80bbd2fe94b76,Jacob,delegate_name,5/3/22,null
optimism,jkhuhnke11,0x8f07bc36ff569312fdc41f3867d80bbd2fe94b76,jacob.willemsma.eth,ens,5/3/22,null
optimism,jkhuhnke11,0x8f07bc36ff569312fdc41f3867d80bbd2fe94b76,accessibility,delegate_value,5/3/22,null
optimism,jkhuhnke11,0x8f07bc36ff569312fdc41f3867d80bbd2fe94b76,identity,delegate_value,5/3/22,null
optimism,jkhuhnke11,0x8f07bc36ff569312fdc41f3867d80bbd2fe94b76,governance,delegate_value,5/3/22,null
optimism,jkhuhnke11,0x8f07bc36ff569312fdc41f3867d80bbd2fe94b76,social impact,delegate_value,5/3/22,null
optimism,jkhuhnke11,0x8f07bc36ff569312fdc41f3867d80bbd2fe94b76,events,delegate_value,5/3/22,null
optimism,jkhuhnke11,0x8f73be66ca8c79382f72139be03746343bf5faa0,David Mihal,delegate_name,5/3/22,null
optimism,jkhuhnke11,0x8f73be66ca8c79382f72139be03746343bf5faa0,mihal.eth,ens,5/3/22,null
optimism,jkhuhnke11,0x8f73be66ca8c79382f72139be03746343bf5faa0,developer tools,delegate_value,5/3/22,null
optimism,jkhuhnke11,0x8f73be66ca8c79382f72139be03746343bf5faa0,data and analytics,delegate_value,5/3/22,null
optimism,jkhuhnke11,0x8f73be66ca8c79382f72139be03746343bf5faa0,DAO,delegate_value,5/3/22,null
optimism,jkhuhnke11,0x918d912d5d4058c4e5D43c212dB7E4f5f4947213,Nateewat Tavitavonsawas,delegate_name,5/3/22,null
optimism,jkhuhnke11,0x918d912d5d4058c4e5D43c212dB7E4f5f4947213,defi,delegate_value,5/3/22,null
optimism,jkhuhnke11,0x918d912d5d4058c4e5D43c212dB7E4f5f4947213,gaming,delegate_value,5/3/22,null
optimism,jkhuhnke11,0x918d912d5d4058c4e5D43c212dB7E4f5f4947213,NFT,delegate_value,5/3/22,null
optimism,jkhuhnke11,0x918d912d5d4058c4e5D43c212dB7E4f5f4947213,identity,delegate_value,5/3/22,null
optimism,jkhuhnke11,0x94db037207f6fb697dbd33524aadffd108819dc8,Joxes | DeFi LATAM,delegate_name,5/3/22,null
optimism,jkhuhnke11,0x94db037207f6fb697dbd33524aadffd108819dc8,joxes.defilatam.eth,ens,5/3/22,null
optimism,jkhuhnke11,0x94db037207f6fb697dbd33524aadffd108819dc8,defi,delegate_value,5/3/22,null
optimism,jkhuhnke11,0x94db037207f6fb697dbd33524aadffd108819dc8,governance,delegate_value,5/3/22,null
optimism,jkhuhnke11,0x94db037207f6fb697dbd33524aadffd108819dc8,identity,delegate_value,5/3/22,null
optimism,jkhuhnke11,0x94db037207f6fb697dbd33524aadffd108819dc8,social impact,delegate_value,5/3/22,null
optimism,jkhuhnke11,0x968a0e5603c5d4dbf24cbd7df562921d158ad19c,Knowledgeable Idiot,delegate_name,5/3/22,null
optimism,jkhuhnke11,0x968a0e5603c5d4dbf24cbd7df562921d158ad19c,rayneman.eth,ens,5/3/22,null
optimism,jkhuhnke11,0x968a0e5603c5d4dbf24cbd7df562921d158ad19c,privacy,delegate_value,5/3/22,null
optimism,jkhuhnke11,0x9cbe5b896d0c24acf41860b9e3df6750c2040a40,Devon Zuegel,delegate_name,5/3/22,null
optimism,jkhuhnke11,0x9cbe5b896d0c24acf41860b9e3df6750c2040a40,devonzuegel.eth,ens,5/3/22,null
optimism,jkhuhnke11,0x9cbe5b896d0c24acf41860b9e3df6750c2040a40,economics,delegate_value,5/3/22,null
optimism,jkhuhnke11,0x9cbe5b896d0c24acf41860b9e3df6750c2040a40,infrastructure,delegate_value,5/3/22,null
optimism,jkhuhnke11,0x9cbe5b896d0c24acf41860b9e3df6750c2040a40,legal,delegate_value,5/3/22,null
optimism,jkhuhnke11,0x9cbe5b896d0c24acf41860b9e3df6750c2040a40,music,delegate_value,5/3/22,null
optimism,jkhuhnke11,0x9cbe5b896d0c24acf41860b9e3df6750c2040a40,communication,delegate_value,5/3/22,null
optimism,jkhuhnke11,0x9d0E6eA50D6f53D32a3A1151cDcDc8855CDd0f4d,Oba One,delegate_name,5/3/22,null
optimism,jkhuhnke11,0x9d0E6eA50D6f53D32a3A1151cDcDc8855CDd0f4d,identity,delegate_value,5/3/22,null
optimism,jkhuhnke11,0x9d0E6eA50D6f53D32a3A1151cDcDc8855CDd0f4d,infrastructure,delegate_value,5/3/22,null
optimism,jkhuhnke11,0x9d0E6eA50D6f53D32a3A1151cDcDc8855CDd0f4d,music,delegate_value,5/3/22,null
optimism,jkhuhnke11,0x9d0E6eA50D6f53D32a3A1151cDcDc8855CDd0f4d,accessibility,delegate_value,5/3/22,null
optimism,jkhuhnke11,0x9e5b45e4872de2ee4b6ffbd06b3735501826b032,Rick Dudley,delegate_name,5/3/22,null
optimism,jkhuhnke11,0x9e5b45e4872de2ee4b6ffbd06b3735501826b032,afdudley.eth,ens,5/3/22,null
optimism,jkhuhnke11,0x9e5b45e4872de2ee4b6ffbd06b3735501826b032,economics,delegate_value,5/3/22,null
optimism,jkhuhnke11,0x9e5b45e4872de2ee4b6ffbd06b3735501826b032,infrastructure,delegate_value,5/3/22,null
optimism,jkhuhnke11,0x9e5b45e4872de2ee4b6ffbd06b3735501826b032,security,delegate_value,5/3/22,null
optimism,jkhuhnke11,0x9e5b45e4872de2ee4b6ffbd06b3735501826b032,governance,delegate_value,5/3/22,null
optimism,jkhuhnke11,0x9e5b45e4872de2ee4b6ffbd06b3735501826b032,gaming,delegate_value,5/3/22,null
optimism,jkhuhnke11,0xa56dfbe8010a8830a9fe5b56e8eff7236e277120,ScaleWeb3,delegate_name,5/3/22,null
optimism,jkhuhnke11,0xa56dfbe8010a8830a9fe5b56e8eff7236e277120,Superdelegate.eth,ens,5/3/22,null
optimism,jkhuhnke11,0xa56dfbe8010a8830a9fe5b56e8eff7236e277120,accessibility,delegate_value,5/3/22,null
optimism,jkhuhnke11,0xa56dfbe8010a8830a9fe5b56e8eff7236e277120,data and analytics,delegate_value,5/3/22,null
optimism,jkhuhnke11,0xa56dfbe8010a8830a9fe5b56e8eff7236e277120,defi,delegate_value,5/3/22,null
optimism,jkhuhnke11,0xa56dfbe8010a8830a9fe5b56e8eff7236e277120,economics,delegate_value,5/3/22,null
optimism,jkhuhnke11,0xa56dfbe8010a8830a9fe5b56e8eff7236e277120,governance,delegate_value,5/3/22,null
optimism,jkhuhnke11,0xa6e8772af29b29b9202a073f8e36f447689beef6,GFX Labs,delegate_name,5/3/22,null
optimism,jkhuhnke11,0xa6e8772af29b29b9202a073f8e36f447689beef6,gfxlabs.eth,ens,5/3/22,null
optimism,jkhuhnke11,0xa6e8772af29b29b9202a073f8e36f447689beef6,DAO,delegate_value,5/3/22,null
optimism,jkhuhnke11,0xa6e8772af29b29b9202a073f8e36f447689beef6,economics,delegate_value,5/3/22,null
optimism,jkhuhnke11,0xa6e8772af29b29b9202a073f8e36f447689beef6,governance,delegate_value,5/3/22,null
optimism,jkhuhnke11,0xa6e8772af29b29b9202a073f8e36f447689beef6,legal,delegate_value,5/3/22,null
optimism,jkhuhnke11,0xa6e8772af29b29b9202a073f8e36f447689beef6,infrastructure,delegate_value,5/3/22,null
optimism,jkhuhnke11,0xB1EA5a3E5EA7fA1834d48058EcDa26d8c59e8251,Quixotic (Optimism NFT Marketplace),delegate_name,5/3/22,null
optimism,jkhuhnke11,0xB1EA5a3E5EA7fA1834d48058EcDa26d8c59e8251,NFT,delegate_value,5/3/22,null
optimism,jkhuhnke11,0xB1EA5a3E5EA7fA1834d48058EcDa26d8c59e8251,identity,delegate_value,5/3/22,null
optimism,jkhuhnke11,0xB1EA5a3E5EA7fA1834d48058EcDa26d8c59e8251,DAO,delegate_value,5/3/22,null
optimism,jkhuhnke11,0xB1EA5a3E5EA7fA1834d48058EcDa26d8c59e8251,gaming,delegate_value,5/3/22,null
optimism,jkhuhnke11,0xb55a948763e0d386b6defcd8070a522216ae42b1,Reverie,delegate_name,5/3/22,null
optimism,jkhuhnke11,0xb55a948763e0d386b6defcd8070a522216ae42b1,reveriegov.eth,ens,5/3/22,null
optimism,jkhuhnke11,0xb55a948763e0d386b6defcd8070a522216ae42b1,governance,delegate_value,5/3/22,null
optimism,jkhuhnke11,0xb55a948763e0d386b6defcd8070a522216ae42b1,defi,delegate_value,5/3/22,null
optimism,jkhuhnke11,0xb55a948763e0d386b6defcd8070a522216ae42b1,economics,delegate_value,5/3/22,null
optimism,jkhuhnke11,0xb55a948763e0d386b6defcd8070a522216ae42b1,DAO,delegate_value,5/3/22,null
optimism,jkhuhnke11,0xb5a790568471c23de46533f1706a238b04d59f25,WhiteHat,delegate_name,5/3/22,null
optimism,jkhuhnke11,0xb5a790568471c23de46533f1706a238b04d59f25,whitehatdao.eth,ens,5/3/22,null
optimism,jkhuhnke11,0xb5a790568471c23de46533f1706a238b04d59f25,DAO,delegate_value,5/3/22,null
optimism,jkhuhnke11,0xb5a790568471c23de46533f1706a238b04d59f25,economics,delegate_value,5/3/22,null
optimism,jkhuhnke11,0xb5a790568471c23de46533f1706a238b04d59f25,governance,delegate_value,5/3/22,null
optimism,jkhuhnke11,0xb5a790568471c23de46533f1706a238b04d59f25,communication,delegate_value,5/3/22,null
optimism,jkhuhnke11,0xb5a790568471c23de46533f1706a238b04d59f25,developer tools,delegate_value,5/3/22,null
optimism,jkhuhnke11,0xb62E762Af637b49Eb4870BCe8fE21bffF189e495,Zer8,delegate_name,5/3/22,null
optimism,jkhuhnke11,0xb62E762Af637b49Eb4870BCe8fE21bffF189e495,social impact,delegate_value,5/3/22,null
optimism,jkhuhnke11,0xb62E762Af637b49Eb4870BCe8fE21bffF189e495,accessibility,delegate_value,5/3/22,null
optimism,jkhuhnke11,0xb7abf554aefd4686639afcf2a653adfda3d9b038,Pseudotheos,delegate_name,5/3/22,null
optimism,jkhuhnke11,0xb7abf554aefd4686639afcf2a653adfda3d9b038,pseudotheos.eth,ens,5/3/22,null
optimism,jkhuhnke11,0xb7abf554aefd4686639afcf2a653adfda3d9b038,infrastructure,delegate_value,5/3/22,null
optimism,jkhuhnke11,0xb7abf554aefd4686639afcf2a653adfda3d9b038,research ,delegate_value,5/3/22,null
optimism,jkhuhnke11,0xb7abf554aefd4686639afcf2a653adfda3d9b038,communication,delegate_value,5/3/22,null
optimism,jkhuhnke11,0xb7abf554aefd4686639afcf2a653adfda3d9b038,research,delegate_value,5/3/22,null
optimism,jkhuhnke11,0xc20687cd6fff6bcfe8032fda567c35f55543c2ac,Srikar,delegate_name,5/3/22,null
optimism,jkhuhnke11,0xc20687cd6fff6bcfe8032fda567c35f55543c2ac,srikarv.eth,ens,5/3/22,null
optimism,jkhuhnke11,0xc20687cd6fff6bcfe8032fda567c35f55543c2ac,identity,delegate_value,5/3/22,null
optimism,jkhuhnke11,0xc20687cd6fff6bcfe8032fda567c35f55543c2ac,privacy,delegate_value,5/3/22,null
optimism,jkhuhnke11,0xc20687cd6fff6bcfe8032fda567c35f55543c2ac,economics,delegate_value,5/3/22,null
optimism,jkhuhnke11,0xc20687cd6fff6bcfe8032fda567c35f55543c2ac,social impact,delegate_value,5/3/22,null
optimism,jkhuhnke11,0xc20687cd6fff6bcfe8032fda567c35f55543c2ac,accessibility,delegate_value,5/3/22,null
optimism,jkhuhnke11,0xC4FC57Dedd2463314A3fD2DBadB86B4404C257e5,Fractal Visions,delegate_name,5/3/22,null
optimism,jkhuhnke11,0xC4FC57Dedd2463314A3fD2DBadB86B4404C257e5,NFT,delegate_value,5/3/22,null
optimism,jkhuhnke11,0xC4FC57Dedd2463314A3fD2DBadB86B4404C257e5,music,delegate_value,5/3/22,null
optimism,jkhuhnke11,0xC4FC57Dedd2463314A3fD2DBadB86B4404C257e5,DAO,delegate_value,5/3/22,null
optimism,jkhuhnke11,0xC4FC57Dedd2463314A3fD2DBadB86B4404C257e5,defi,delegate_value,5/3/22,null
optimism,jkhuhnke11,0xc540eb6c7B3e44Ef8A45dB3aD8618404bAEd88F6,Darwin,delegate_name,5/3/22,null
optimism,jkhuhnke11,0xc540eb6c7B3e44Ef8A45dB3aD8618404bAEd88F6,data and analytics,delegate_value,5/3/22,null
optimism,jkhuhnke11,0xc540eb6c7B3e44Ef8A45dB3aD8618404bAEd88F6,security,delegate_value,5/3/22,null
optimism,jkhuhnke11,0xc540eb6c7B3e44Ef8A45dB3aD8618404bAEd88F6,DAO,delegate_value,5/3/22,null
optimism,jkhuhnke11,0xc6404f24db2f573f07f3a60758765caad198c0c3,Ben,delegate_name,5/3/22,null
optimism,jkhuhnke11,0xc6404f24db2f573f07f3a60758765caad198c0c3,social impact,delegate_value,5/3/22,null
optimism,jkhuhnke11,0xc6404f24db2f573f07f3a60758765caad198c0c3,economics,delegate_value,5/3/22,null
optimism,jkhuhnke11,0xc6404f24db2f573f07f3a60758765caad198c0c3,DAO,delegate_value,5/3/22,null
optimism,jkhuhnke11,0xc6404f24db2f573f07f3a60758765caad198c0c3,identity,delegate_value,5/3/22,null
optimism,jkhuhnke11,0xc6404f24db2f573f07f3a60758765caad198c0c3,privacy,delegate_value,5/3/22,null
optimism,jkhuhnke11,0xccb82218c6f82a2b750cf0d65e21ae6eae14070c,minicoohei,delegate_name,5/3/22,null
optimism,jkhuhnke11,0xccb82218c6f82a2b750cf0d65e21ae6eae14070c,minicoohei.eth,ens,5/3/22,null
optimism,jkhuhnke11,0xccb82218c6f82a2b750cf0d65e21ae6eae14070c,NFT,delegate_value,5/3/22,null
optimism,jkhuhnke11,0xccb82218c6f82a2b750cf0d65e21ae6eae14070c,defi,delegate_value,5/3/22,null
optimism,jkhuhnke11,0xccb82218c6f82a2b750cf0d65e21ae6eae14070c,gaming,delegate_value,5/3/22,null
optimism,jkhuhnke11,0xd1324ada7e026211d0cacd90cae5777e340de948,Inzhoop,delegate_name,5/3/22,null
optimism,jkhuhnke11,0xd1324ada7e026211d0cacd90cae5777e340de948,inzhoop.eth,ens,5/3/22,null
optimism,jkhuhnke11,0xd23199f1222c418ffc74c385171330b21b16e452,Doug,delegate_name,5/3/22,null
optimism,jkhuhnke11,0xd23199f1222c418ffc74c385171330b21b16e452,Sugma.eth,ens,5/3/22,null
optimism,jkhuhnke11,0xd23199f1222c418ffc74c385171330b21b16e452,identity,delegate_value,5/3/22,null
optimism,jkhuhnke11,0xd23199f1222c418ffc74c385171330b21b16e452,infrastructure,delegate_value,5/3/22,null
optimism,jkhuhnke11,0xd23199f1222c418ffc74c385171330b21b16e452,privacy,delegate_value,5/3/22,null
optimism,jkhuhnke11,0xd23199f1222c418ffc74c385171330b21b16e452,defi,delegate_value,5/3/22,null
optimism,jkhuhnke11,0xd33f6e443d5277e7a0040672885358e22e1e7356,Daoshua,delegate_name,5/3/22,null
optimism,jkhuhnke11,0xd33f6e443d5277e7a0040672885358e22e1e7356,daoshua.eth,ens,5/3/22,null
optimism,jkhuhnke11,0xd33f6e443d5277e7a0040672885358e22e1e7356,accessibility,delegate_value,5/3/22,null
optimism,jkhuhnke11,0xd33f6e443d5277e7a0040672885358e22e1e7356,DAO,delegate_value,5/3/22,null
optimism,jkhuhnke11,0xd33f6e443d5277e7a0040672885358e22e1e7356,governance,delegate_value,5/3/22,null
optimism,jkhuhnke11,0xd33f6e443d5277e7a0040672885358e22e1e7356,social impact,delegate_value,5/3/22,null
optimism,jkhuhnke11,0xd33f6e443d5277e7a0040672885358e22e1e7356,writing ,delegate_value,5/3/22,null
optimism,jkhuhnke11,0xd33f6e443d5277e7a0040672885358e22e1e7356,writing,delegate_value,5/3/22,null
optimism,jkhuhnke11,0xdab0d648a2a771e6952916a822dddf738b535f5a,The Wildfire Infrastructure Pod,delegate_name,5/3/22,null
optimism,jkhuhnke11,0xdab0d648a2a771e6952916a822dddf738b535f5a,fire-infra.pod.xyz,ens,5/3/22,null
optimism,jkhuhnke11,0xdab0d648a2a771e6952916a822dddf738b535f5a,economics,delegate_value,5/3/22,null
optimism,jkhuhnke11,0xdab0d648a2a771e6952916a822dddf738b535f5a,governance,delegate_value,5/3/22,null
optimism,jkhuhnke11,0xdab0d648a2a771e6952916a822dddf738b535f5a,infrastructure,delegate_value,5/3/22,null
optimism,jkhuhnke11,0xdab0d648a2a771e6952916a822dddf738b535f5a,privacy,delegate_value,5/3/22,null
optimism,jkhuhnke11,0xdab0d648a2a771e6952916a822dddf738b535f5a,security,delegate_value,5/3/22,null
optimism,jkhuhnke11,0xdb5781a835b60110298ff7205d8ef9678ff1f800,Yoav Weiss,delegate_name,5/3/22,null
optimism,jkhuhnke11,0xdb5781a835b60110298ff7205d8ef9678ff1f800,yoav.eth,ens,5/3/22,null
optimism,jkhuhnke11,0xdb5781a835b60110298ff7205d8ef9678ff1f800,security,delegate_value,5/3/22,null
optimism,jkhuhnke11,0xdb5781a835b60110298ff7205d8ef9678ff1f800,infrastructure,delegate_value,5/3/22,null
optimism,jkhuhnke11,0xdb5781a835b60110298ff7205d8ef9678ff1f800,social impact,delegate_value,5/3/22,null
optimism,jkhuhnke11,0xdb5781a835b60110298ff7205d8ef9678ff1f800,DAO,delegate_value,5/3/22,null
optimism,jkhuhnke11,0xdb5781a835b60110298ff7205d8ef9678ff1f800,governance,delegate_value,5/3/22,null
optimism,jkhuhnke11,0xdbAABc182e5FCEbf216C353A3EBE32cDB7390094,Panche,delegate_name,5/3/22,null
optimism,jkhuhnke11,0xdbAABc182e5FCEbf216C353A3EBE32cDB7390094,bridges,delegate_value,5/3/22,null
optimism,jkhuhnke11,0xdbAABc182e5FCEbf216C353A3EBE32cDB7390094,DAO,delegate_value,5/3/22,null
optimism,jkhuhnke11,0xdbAABc182e5FCEbf216C353A3EBE32cDB7390094,developer tools,delegate_value,5/3/22,null
optimism,jkhuhnke11,0xdbAABc182e5FCEbf216C353A3EBE32cDB7390094,governance,delegate_value,5/3/22,null
optimism,jkhuhnke11,0xdbAABc182e5FCEbf216C353A3EBE32cDB7390094,identity,delegate_value,5/3/22,null
optimism,jkhuhnke11,0xdbaabc182e5fcebf216c353a3ebe32cdb7390094,Kromatika Finance,delegate_name,5/3/22,null
optimism,jkhuhnke11,0xdbaabc182e5fcebf216c353a3ebe32cdb7390094,defi,delegate_value,5/3/22,null
optimism,jkhuhnke11,0xdc1f98682f4f8a5c6d54f345f448437b83f5e432,blockchainatcolumbia,delegate_name,5/3/22,null
optimism,jkhuhnke11,0xdc1f98682f4f8a5c6d54f345f448437b83f5e432,blockchaincolumbia.eth,ens,5/3/22,null
optimism,jkhuhnke11,0xdc1f98682f4f8a5c6d54f345f448437b83f5e432,governance,delegate_value,5/3/22,null
optimism,jkhuhnke11,0xdc1f98682f4f8a5c6d54f345f448437b83f5e432,DAO,delegate_value,5/3/22,null
optimism,jkhuhnke11,0xdc1f98682f4f8a5c6d54f345f448437b83f5e432,education,delegate_value,5/3/22,null
optimism,jkhuhnke11,0xdc1f98682f4f8a5c6d54f345f448437b83f5e432,defi,delegate_value,5/3/22,null
optimism,jkhuhnke11,0xdc1f98682f4f8a5c6d54f345f448437b83f5e432,events,delegate_value,5/3/22,null
optimism,jkhuhnke11,0xdcf7be2ff93e1a7671724598b1526f3a33b1ec25,Dhannte,delegate_name,5/3/22,null
optimism,jkhuhnke11,0xdcf7be2ff93e1a7671724598b1526f3a33b1ec25,dhannte.eth,ens,5/3/22,null
optimism,jkhuhnke11,0xdcf7be2ff93e1a7671724598b1526f3a33b1ec25,DAO,delegate_value,5/3/22,null
optimism,jkhuhnke11,0xdcf7be2ff93e1a7671724598b1526f3a33b1ec25,economics,delegate_value,5/3/22,null
optimism,jkhuhnke11,0xdcf7be2ff93e1a7671724598b1526f3a33b1ec25,gaming,delegate_value,5/3/22,null
optimism,jkhuhnke11,0xdcf7be2ff93e1a7671724598b1526f3a33b1ec25,governance,delegate_value,5/3/22,null
optimism,jkhuhnke11,0xdcf7be2ff93e1a7671724598b1526f3a33b1ec25,social impact,delegate_value,5/3/22,null
optimism,jkhuhnke11,0xdf629daa1e3a099d4c87d7ba855e9561d2300032,Annymesh Mohanty,delegate_name,5/3/22,null
optimism,jkhuhnke11,0xdf629daa1e3a099d4c87d7ba855e9561d2300032,voiceof.eth,ens,5/3/22,null
optimism,jkhuhnke11,0xdf629daa1e3a099d4c87d7ba855e9561d2300032,DAO,delegate_value,5/3/22,null
optimism,jkhuhnke11,0xdf629daa1e3a099d4c87d7ba855e9561d2300032,defi,delegate_value,5/3/22,null
optimism,jkhuhnke11,0xdf629daa1e3a099d4c87d7ba855e9561d2300032,economics,delegate_value,5/3/22,null
optimism,jkhuhnke11,0xdf629daa1e3a099d4c87d7ba855e9561d2300032,governance,delegate_value,5/3/22,null
optimism,jkhuhnke11,0xdf629daa1e3a099d4c87d7ba855e9561d2300032,writing ,delegate_value,5/3/22,null
optimism,jkhuhnke11,0xdf629daa1e3a099d4c87d7ba855e9561d2300032,writing,delegate_value,5/3/22,null
optimism,jkhuhnke11,0xe31b7439693889cae4490eb6e7ca88fb23b1d11b,datangxinyu,delegate_name,5/3/22,null
optimism,jkhuhnke11,0xe31b7439693889cae4490eb6e7ca88fb23b1d11b,**17777.eth,ens,5/3/22,null
optimism,jkhuhnke11,0xe31b7439693889cae4490eb6e7ca88fb23b1d11b,defi,delegate_value,5/3/22,null
optimism,jkhuhnke11,0xe31b7439693889cae4490eb6e7ca88fb23b1d11b,DAO,delegate_value,5/3/22,null
optimism,jkhuhnke11,0xe48c655276c23f1534ae2a87a2bf8a8a6585df70,Eric Wall,delegate_name,5/3/22,null
optimism,jkhuhnke11,0xe48c655276c23f1534ae2a87a2bf8a8a6585df70,ericwall.eth,ens,5/3/22,null
optimism,jkhuhnke11,0xe48c655276c23f1534ae2a87a2bf8a8a6585df70,defi,delegate_value,5/3/22,null
optimism,jkhuhnke11,0xe48c655276c23f1534ae2a87a2bf8a8a6585df70,DAO,delegate_value,5/3/22,null
optimism,jkhuhnke11,0xe48c655276c23f1534ae2a87a2bf8a8a6585df70,economics,delegate_value,5/3/22,null
optimism,jkhuhnke11,0xe48c655276c23f1534ae2a87a2bf8a8a6585df70,security,delegate_value,5/3/22,null
optimism,jkhuhnke11,0xe48c655276c23f1534ae2a87a2bf8a8a6585df70,privacy,delegate_value,5/3/22,null
optimism,jkhuhnke11,0xe9b80b4cf85d7709583dff27c1f51b289cd1e152,Gabagool,delegate_name,5/3/22,null
optimism,jkhuhnke11,0xe9b80b4cf85d7709583dff27c1f51b289cd1e152,Gabagool.eth,ens,5/3/22,null
optimism,jkhuhnke11,0xe9b80b4cf85d7709583dff27c1f51b289cd1e152,DAO,delegate_value,5/3/22,null
optimism,jkhuhnke11,0xe9b80b4cf85d7709583dff27c1f51b289cd1e152,defi,delegate_value,5/3/22,null
optimism,jkhuhnke11,0xe9b80b4cf85d7709583dff27c1f51b289cd1e152,NFT,delegate_value,5/3/22,null
optimism,jkhuhnke11,0xe9b80b4cf85d7709583dff27c1f51b289cd1e152,writing ,delegate_value,5/3/22,null
optimism,jkhuhnke11,0xe9b80b4cf85d7709583dff27c1f51b289cd1e152,security,delegate_value,5/3/22,null
optimism,jkhuhnke11,0xe9b80b4cf85d7709583dff27c1f51b289cd1e152,social impact,delegate_value,5/3/22,null
optimism,jkhuhnke11,0xe9b80b4cf85d7709583dff27c1f51b289cd1e152,accessibility,delegate_value,5/3/22,null
optimism,jkhuhnke11,0xe9b80b4cf85d7709583dff27c1f51b289cd1e152,economics,delegate_value,5/3/22,null
optimism,jkhuhnke11,0xe9b80b4cf85d7709583dff27c1f51b289cd1e152,writing,delegate_value,5/3/22,null
optimism,jkhuhnke11,0xeAbd9Ab3EbE4056bD148AD06B5273f2F141eFA6c,TritiumM,delegate_name,5/3/22,null
optimism,jkhuhnke11,0xeAbd9Ab3EbE4056bD148AD06B5273f2F141eFA6c,gaming,delegate_value,5/3/22,null
optimism,jkhuhnke11,0xeAbd9Ab3EbE4056bD148AD06B5273f2F141eFA6c,defi,delegate_value,5/3/22,null
optimism,jkhuhnke11,0xeAbd9Ab3EbE4056bD148AD06B5273f2F141eFA6c,governance,delegate_value,5/3/22,null
optimism,jkhuhnke11,0xeAbd9Ab3EbE4056bD148AD06B5273f2F141eFA6c,data and analytics,delegate_value,5/3/22,null
optimism,jkhuhnke11,0xeAbd9Ab3EbE4056bD148AD06B5273f2F141eFA6c,developer tools,delegate_value,5/3/22,null
optimism,jkhuhnke11,0xeAbd9Ab3EbE4056bD148AD06B5273f2F141eFA6c,writing ,delegate_value,5/3/22,null
optimism,jkhuhnke11,0xeAbd9Ab3EbE4056bD148AD06B5273f2F141eFA6c,writing,delegate_value,5/3/22,null
optimism,jkhuhnke11,0xed11e5ea95a5a3440fbaadc4cc404c56d0a5bb04,she256,delegate_name,5/3/22,null
optimism,jkhuhnke11,0xed11e5ea95a5a3440fbaadc4cc404c56d0a5bb04,she256.eth,ens,5/3/22,null
optimism,jkhuhnke11,0xed11e5ea95a5a3440fbaadc4cc404c56d0a5bb04,DAO,delegate_value,5/3/22,null
optimism,jkhuhnke11,0xed11e5ea95a5a3440fbaadc4cc404c56d0a5bb04,social impact,delegate_value,5/3/22,null
optimism,jkhuhnke11,0xef0905745ce28eBe1deD7004146132fBfba548bA,Organized Chaos,delegate_name,5/3/22,null
optimism,jkhuhnke11,0xef0905745ce28eBe1deD7004146132fBfba548bA,DAO,delegate_value,5/3/22,null
optimism,jkhuhnke11,0xef0905745ce28eBe1deD7004146132fBfba548bA,defi,delegate_value,5/3/22,null
optimism,jkhuhnke11,0xef0905745ce28eBe1deD7004146132fBfba548bA,economics,delegate_value,5/3/22,null
optimism,jkhuhnke11,0xef0905745ce28eBe1deD7004146132fBfba548bA,governance,delegate_value,5/3/22,null
optimism,jkhuhnke11,0xef0905745ce28eBe1deD7004146132fBfba548bA,identity,delegate_value,5/3/22,null
optimism,jkhuhnke11,0xef0905745ce28eBe1deD7004146132fBfba548bA,legal,delegate_value,5/3/22,null
optimism,jkhuhnke11,0xef0905745ce28eBe1deD7004146132fBfba548bA,oracles,delegate_value,5/3/22,null
optimism,jkhuhnke11,0xef0905745ce28eBe1deD7004146132fBfba548bA,social impact,delegate_value,5/3/22,null
optimism,jkhuhnke11,0xf3f527b70af6012f328d3ede7fcd3f5f3ca6cba2,Zeng Jiajun,delegate_name,5/3/22,null
optimism,jkhuhnke11,0xf3f527b70af6012f328d3ede7fcd3f5f3ca6cba2,zengjiajun.eth,ens,5/3/22,null
optimism,jkhuhnke11,0xf3f527b70af6012f328d3ede7fcd3f5f3ca6cba2,infrastructure,delegate_value,5/3/22,null
optimism,jkhuhnke11,0xf3f527b70af6012f328d3ede7fcd3f5f3ca6cba2,identity,delegate_value,5/3/22,null
optimism,jkhuhnke11,0xf3f527b70af6012f328d3ede7fcd3f5f3ca6cba2,defi,delegate_value,5/3/22,null
optimism,jkhuhnke11,0xf3f527b70af6012f328d3ede7fcd3f5f3ca6cba2,social impact,delegate_value,5/3/22,null
optimism,jkhuhnke11,0xf417ace7b13c0ef4fcb5548390a450a4b75d3eb3,wojtek,delegate_name,5/3/22,null
optimism,jkhuhnke11,0xf417ace7b13c0ef4fcb5548390a450a4b75d3eb3,woj.eth,ens,5/3/22,null
optimism,jkhuhnke11,0xf417ace7b13c0ef4fcb5548390a450a4b75d3eb3,accessibility,delegate_value,5/3/22,null
optimism,jkhuhnke11,0xf417ace7b13c0ef4fcb5548390a450a4b75d3eb3,DAO,delegate_value,5/3/22,null
optimism,jkhuhnke11,0xf417ace7b13c0ef4fcb5548390a450a4b75d3eb3,defi,delegate_value,5/3/22,null
optimism,jkhuhnke11,0xf417ace7b13c0ef4fcb5548390a450a4b75d3eb3,identity,delegate_value,5/3/22,null
optimism,jkhuhnke11,0xf417ace7b13c0ef4fcb5548390a450a4b75d3eb3,social impact,delegate_value,5/3/22,null
optimism,jkhuhnke11,0xF4B0556B9B6F53E00A1FDD2b0478Ce841991D8fA,olimpio,delegate_name,5/3/22,null
optimism,jkhuhnke11,0xF4B0556B9B6F53E00A1FDD2b0478Ce841991D8fA,olimpio.eth,ens,5/3/22,null
optimism,jkhuhnke11,0xF4B0556B9B6F53E00A1FDD2b0478Ce841991D8fA,accessibility,delegate_value,5/3/22,null
optimism,jkhuhnke11,0xF4B0556B9B6F53E00A1FDD2b0478Ce841991D8fA,defi,delegate_value,5/3/22,null
optimism,jkhuhnke11,0xF4B0556B9B6F53E00A1FDD2b0478Ce841991D8fA,DAO,delegate_value,5/3/22,null
optimism,jkhuhnke11,0xF4B0556B9B6F53E00A1FDD2b0478Ce841991D8fA,data and analytics,delegate_value,5/3/22,null
optimism,jkhuhnke11,0xF4B0556B9B6F53E00A1FDD2b0478Ce841991D8fA,events,delegate_value,5/3/22,null
optimism,jkhuhnke11,0xF4B0556B9B6F53E00A1FDD2b0478Ce841991D8fA,social impact,delegate_value,5/3/22,null
optimism,jkhuhnke11,0xF4B0556B9B6F53E00A1FDD2b0478Ce841991D8fA,privacy,delegate_value,5/3/22,null
optimism,jkhuhnke11,0xF4B0556B9B6F53E00A1FDD2b0478Ce841991D8fA,security,delegate_value,5/3/22,null
optimism,jkhuhnke11,0xfc10a71b1e7974401d840fd15cebf08ed7e115cc,jrocki,delegate_name,5/3/22,null
optimism,jkhuhnke11,0xfc10a71b1e7974401d840fd15cebf08ed7e115cc,jrocki.eth,ens,5/3/22,null
optimism,jkhuhnke11,0xfc10a71b1e7974401d840fd15cebf08ed7e115cc,accessibility,delegate_value,5/3/22,null
optimism,jkhuhnke11,0xfc10a71b1e7974401d840fd15cebf08ed7e115cc,NFT,delegate_value,5/3/22,null
optimism,jkhuhnke11,0xfc10a71b1e7974401d840fd15cebf08ed7e115cc,writing ,delegate_value,5/3/22,null
optimism,jkhuhnke11,0xfc10a71b1e7974401d840fd15cebf08ed7e115cc,governance,delegate_value,5/3/22,null
optimism,jkhuhnke11,0xfc10a71b1e7974401d840fd15cebf08ed7e115cc,economics,delegate_value,5/3/22,null
optimism,jkhuhnke11,0xfc10a71b1e7974401d840fd15cebf08ed7e115cc,writing,delegate_value,5/3/22,null
optimism,jkhuhnke11,0xfc61965861b679c5aa728d41fa6ea0b29544f554,Blockchain@Hopkins,delegate_name,5/3/22,null
optimism,jkhuhnke11,0xfc61965861b679c5aa728d41fa6ea0b29544f554,blockchainathopkins.eth,ens,5/3/22,null
optimism,jkhuhnke11,0xfc61965861b679c5aa728d41fa6ea0b29544f554,defi,delegate_value,5/3/22,null
optimism,jkhuhnke11,0xfc61965861b679c5aa728d41fa6ea0b29544f554,developer tools,delegate_value,5/3/22,null
optimism,jkhuhnke11,0xfc61965861b679c5aa728d41fa6ea0b29544f554,security,delegate_value,5/3/22,null
optimism,jkhuhnke11,0xfc61965861b679c5aa728d41fa6ea0b29544f554,DAO,delegate_value,5/3/22,null
optimism,jkhuhnke11,0xfc61965861b679c5aa728d41fa6ea0b29544f554,infrastructure,delegate_value,5/3/22,null
optimism,jkhuhnke11,0xfd4f24676ed4588928213f37b126b53c07186f45,Matthew Bunday,delegate_name,5/3/22,null
optimism,jkhuhnke11,0xfd4f24676ed4588928213f37b126b53c07186f45,zencephalon.eth,ens,5/3/22,null
optimism,jkhuhnke11,0xfd4f24676ed4588928213f37b126b53c07186f45,defi,delegate_value,5/3/22,null
optimism,jkhuhnke11,0xfd4f24676ed4588928213f37b126b53c07186f45,governance,delegate_value,5/3/22,null
optimism,jkhuhnke11,0xfd4f24676ed4588928213f37b126b53c07186f45,DAO,delegate_value,5/3/22,null
optimism,jkhuhnke11,0xfd4f24676ed4588928213f37b126b53c07186f45,NFT,delegate_value,5/3/22,null
optimism,jkhuhnke11,0xfd4f24676ed4588928213f37b126b53c07186f45,social impact,delegate_value,5/3/22,null
optimism,jkhuhnke11,0x3D2d722B443A5cAE8E41877BB7cD649f3650937C,PoolCollective,delegate_name,9/22/22,null
optimism,jkhuhnke11,0x3D2d722B443A5cAE8E41877BB7cD649f3650937C,accessibility,delegate_value,9/22/22,null
optimism,jkhuhnke11,0x3D2d722B443A5cAE8E41877BB7cD649f3650937C,governance,delegate_value,9/22/22,null
optimism,jkhuhnke11,0x3D2d722B443A5cAE8E41877BB7cD649f3650937C,defi,delegate_value,9/22/22,null
optimism,jkhuhnke11,0x3D2d722B443A5cAE8E41877BB7cD649f3650937C,infrastructure,delegate_value,9/22/22,null
optimism,jkhuhnke11,0x3D2d722B443A5cAE8E41877BB7cD649f3650937C,social impact,delegate_value,9/22/22,null
optimism,jkhuhnke11,0x4a7591E3dA70b0629fcCEcB590dAF5920C592E92,iover2020,delegate_name,10/1/22,null
optimism,jkhuhnke11,0x4a7591E3dA70b0629fcCEcB590dAF5920C592E92,bridges,delegate_value,10/1/22,null
optimism,jkhuhnke11,0x4a7591E3dA70b0629fcCEcB590dAF5920C592E92,crytography,delegate_value,10/1/22,null
optimism,jkhuhnke11,0x4a7591E3dA70b0629fcCEcB590dAF5920C592E92,DAO,delegate_value,10/1/22,null
optimism,jkhuhnke11,0x4a7591E3dA70b0629fcCEcB590dAF5920C592E92,defi,delegate_value,10/1/22,null
optimism,jkhuhnke11,0x4a7591E3dA70b0629fcCEcB590dAF5920C592E92,NFT,delegate_value,10/1/22,null
gnosis safe,jkhuhnke11,0x8c28cf33d9fd3d0293f963b1cd27e3ff422b425c,shot.eth,name,2022-11-17,null
gnosis safe,jkhuhnke11,0xd770d242c5734a3b8028cf46d2a2e980ece07bea,whinfrey.eth,name,2022-11-17,null
gnosis safe,jkhuhnke11,0x3317ad9eda6942b5a7be5ba83346c0ea82c3c26c,people-dao.eth,name,2022-11-17,null
gnosis safe,jkhuhnke11,0x79c4213a328e3b4f1d87b4953c14759399db25e2,lito.eth,name,2022-11-17,null
gnosis safe,jkhuhnke11,0x869ec00fa1dc112917c781942cc01c68521c415e,corbin.eth,name,2022-11-17,null
gnosis safe,jkhuhnke11,0xbd3496fe269aa8bbf685836b63b3cadedbe2eb56,tarungupta.eth,name,2022-11-17,null
gnosis safe,jkhuhnke11,0x46808732df838b1a9612829a1b33411e995c3e0c,exa256.eth,name,2022-11-17,null
gnosis safe,jkhuhnke11,0x57c9e84fb97d0ccb132bc0332a6077573e7c5969,unknown,name,2022-11-17,null
gnosis safe,jkhuhnke11,0x0ea740d69b774e21190f230c42c8036f0290ae8b,unknown,name,2022-11-17,null
gnosis safe,jkhuhnke11,0x10959926fb4926d181a2ea46ceb234150ab70c9b,unknown,name,2022-11-17,null
gnosis safe,jkhuhnke11,0x87ba155a86cf63be05445babb184e327551810f8,mhrn.eth,name,2022-11-17,null
gnosis safe,jkhuhnke11,0xb1b7586656116d546033e3baff69bfcd6592225e,dorgjelli.eth,name,2022-11-17,null
gnosis safe,jkhuhnke11,0x752d6e0ac152a37005e67492b61bfe41c1ffbec5,*den-gov.eth,name,2022-11-17,null
gnosis safe,jkhuhnke11,0x3a111a913052fc0c674406cd53947f4217fa778b,ssong.eth,name,2022-11-17,null
gnosis safe,jkhuhnke11,0x3083c46eb15cc0c087a03f60269edf1de8186f38,lgrig.eth,name,2022-11-17,null
gnosis safe,jkhuhnke11,0xc2d3492368d696b3d13deda3ec2241e4f31882a3,unknown,name,2022-11-17,null
gnosis safe,jkhuhnke11,0x96187fb73e6fd2174af271b792dbb415a257e069,pryceadade.eth,name,2022-11-17,null
gnosis safe,jkhuhnke11,0x914aa366fc6af1cef6d8b98dd24b2842e0d14c39,jekl.eth,name,2022-11-17,null
gnosis safe,jkhuhnke11,0x46abfe1c972fca43766d6ad70e1c1df72f4bb4d1,unknown,name,2022-11-17,null
gnosis safe,jkhuhnke11,0x4a2d30c7b9f7907d580f9a1902d42dd78b21f0d2,unknown,name,2022-11-17,null
gnosis safe,jkhuhnke11,0xb31b4319f87c1c6f5297afd62448cf29e1f8da82,unknown,name,2022-11-17,null
gnosis safe,jkhuhnke11,0x5a25b217360d34890c6a2ae3595a41ce606ed2e5,unknown,name,2022-11-17,null
gnosis safe,jkhuhnke11,0xa50ec178bd0b184a890ab6d2e7a757a01db3a702,nexusmutant.eth,name,2022-11-17,null
gnosis safe,jkhuhnke11,0x6f2d01c820a9daf11a5be0ba77b41e5035e57099,malikelbay.eth,name,2022-11-17,null
gnosis safe,jkhuhnke11,0x17d0be8ca61077871da5d86566d43ee10afde9ee,realshelbyt.eth,name,2022-11-17,null
gnosis safe,jkhuhnke11,0xea95cfb5dd624f43775b372db0ed2d8d0073e91c,abbey_titcomb,name,2022-11-17,null
gnosis safe,jkhuhnke11,0xf28ea36e3e68aff0e8c9bff8037ba2150312ac48,denham.eth,name,2022-11-17,null
gnosis safe,jkhuhnke11,0x9d7894ed2ddb65e0ca36fe872cbb57b8e9aaddac,danftz.eth,name,2022-11-17,null
gnosis safe,jkhuhnke11,0xd4ca6ff3dd02bab5036d217ff7f87e7dad6d9066,jcv.eth,name,2022-11-17,null
gnosis safe,jkhuhnke11,0xe1522b4b27d6a117202a1171085662e3a7a00176,lordmarkdev.eth,name,2022-11-17,null
gnosis safe,jkhuhnke11,0x03d1609c4dbef8864220a8796a0e37db81d91804,daovoice.eth,name,2022-11-17,null
gnosis safe,jkhuhnke11,0x0be81f52642969952d470bbe0f50de78d1b3d085,frostiq.eth,name,2022-11-17,null
gnosis safe,jkhuhnke11,0xf88e8857cd5ba7a3762f71acb12781ddd412d0e2,wizgot.eth,name,2022-11-17,null
gnosis safe,jkhuhnke11,0x8d99f8b2710e6a3b94d9bf465a98e5273069acbd,bh2smith.eth,name,2022-11-17,null
gnosis safe,jkhuhnke11,0x67a16655c1c46f8822726e989751817c49f29054,manboy.eth,name,2022-11-17,null
gnosis safe,jkhuhnke11,0xe2fcb9715cf1532436da296dbd7fb2dbadd5b228,tripluca.eth,name,2022-11-17,null
gnosis safe,jkhuhnke11,0xa1c4559ccb03fcdb62f1cac65b5999b6f61c0423,unknown,name,2022-11-17,null
gnosis safe,jkhuhnke11,0xc1a2679692773a499d6a6f1153e1a2c252e4a4ae,unknown,name,2022-11-17,null
gnosis safe,jkhuhnke11,0x45b1e1e13ade283ecc5e1c586897d12eef69fc9b,kakas.eth,name,2022-11-17,null
gnosis safe,jkhuhnke11,0x76580c9a2278ca39f8baed8d3004086e1eb0ca6d,unknown,name,2022-11-17,null
gnosis safe,jkhuhnke11,0x0ee54951f58819092730decfb3f8b0be1f909759,unknown,name,2022-11-17,null
gnosis safe,jkhuhnke11,0x2b888954421b424c5d3d9ce9bb67c9bd47537d12,lefteris.eth,name,2022-11-17,null
gnosis safe,jkhuhnke11,0xf4b0556b9b6f53e00a1fdd2b0478ce841991d8fa,olimpio.eth,name,2022-11-17,null
gnosis safe,jkhuhnke11,0x49e53fb3d5bf1532febad88a1979e33a94844d1d,scriptmoney.eth,name,2022-11-17,null
gnosis safe,jkhuhnke11,0x86c1e3488560c2dda439404d4d85d2601e9ce327,unknown,name,2022-11-17,null
gnosis safe,jkhuhnke11,0xd4879f876ee383067f80acadbe283b93141908e9,safe_multisig,name,2022-11-17,null
gnosis safe,jkhuhnke11,0x317ad090e2a44b9cc617c4e8680dbcb61b75b98b,xhero.eth,name,2022-11-17,null
gnosis safe,jkhuhnke11,0x4e408fad7fe13a7253994efbfb2a237eca93172d,unknown,name,2022-11-17,null
gnosis safe,jkhuhnke11,0xb933aee47c438f22de0747d57fc239fe37878dd1,wintermutegovernance.eth,name,2022-11-17,null
gnosis safe,jkhuhnke11,0x31cd90c2788f3e390d2bb72871f5ad3f1a4b22a1,unknown,name,2022-11-17,null
gnosis safe,jkhuhnke11,0x62a43123FE71f9764f26554b3F5017627996816a,flipsidecrypto.eth,name,2022-11-17,null
