blockchain,address,pair,asset,type,category,date_added
arbitrum,0x0017abac5b6f291f9164e35b1234ca1d697f9cf4,WBTC / BTC,Wrapped Bitcoin,Crypto,Cryptocurrency (Other),null
arbitrum,0x04180965a782e487d0632013aba488a472243542,JOE / USD,joe,Crypto,null,null
arbitrum,0x07c5b924399cc23c24a95c8743de4006a32b7f2a,STETH / USD,Lido Staked Ether,Crypto,Cryptocurrency (USD pairs),null
arbitrum,0x0809e3d38d1b4214958faf06d8b1b1a2b73f2ab8,FRAX / USD,FRAX,Crypto,Stablecoins,null
arbitrum,0x1f954dc24a49708c26e0c1777f16750b5c6d5a2c,XAU / USD,Gold,Commodities,Commodities,null
arbitrum,0x221912ce795669f628c51c69b7d0873eda9c03bb,APE / USD,ApeCoin,Crypto,Cryptocurrency (USD pairs),17-May-22
arbitrum,0x24cea4b8ce57cda5058b924b9b9987992450590c,SOL / USD,Solana,Crypto,Cryptocurrency (USD pairs),null
arbitrum,0x2ba975d4d7922cd264267af16f3bd177f206fe3c,PAXG / USD,PAX Gold,Crypto,Cryptocurrency (USD pairs),20-Apr-22
arbitrum,0x36a121448d74fa81450c992a1a44b9b7377cd3a5,FXS / USD,Frax Share,Crypto,Cryptocurrency (USD pairs),null
arbitrum,0x383b3624478124697bef675f07ca37570b73992f,SPELL / USD,Spell Token,Crypto,Cryptocurrency (USD pairs),20-Oct-21
arbitrum,0x3dd6e51cb9cae717d5a8778cf79a04029f9cfdf8,JPY / USD,Japanese Yen,Forex,Foreign Exchange,null
arbitrum,0x3f3f5df88dc9f13eac63df89ec16ef6e7e25dde7,USDT / USD,Tether USD,Crypto,Stablecoins,13-Jul-21
arbitrum,0x4763b84cdbc5211b9e0a57d5e39af3b3b2440012,Total Marketcap USD,Total currency market cap,Currency,null,null
arbitrum,0x47e55ccec6582838e173f252d08afd8116c2202d,MAGIC / USD,Magic,Crypto,Cryptocurrency (USD pairs),9-Jun-22
arbitrum,0x48c4721354a3b29d80ef03c65e6644a37338a0b1,OHM Index,OHM Index,Crypto,null,null
arbitrum,0x4ee1f9ec1048979930ac832a3c1d18a0b4955a02,USDD / USD,USDD,Crypto,Cryptocurrency (USD pairs),null
arbitrum,0x50834f3163758fcc1df9973b6e91f0f0f0434ad3,USDC / USD,Circle USD,Crypto,Stablecoins,13-Jul-21
arbitrum,0x52099d4523531f678dfc568a7b1e5038aadce1d6,MATIC / USD,Polygon,Crypto,Cryptocurrency (USD pairs),1-Sep-22
arbitrum,0x594b919ad828e693b935705c3f816221729e7ae8,WTI / USD,WTI Crude,Commodities,null,null
arbitrum,0x5b58aa6e0651ae311864876a55411f481ad86080,AXS / USD,Axie Infinity,Crypto,Cryptocurrency (USD pairs),25-Apr-22
arbitrum,0x639fe6ab55c921f74e7fac1ee960c0b6293ba612,ETH / USD,Ethereum,Crypto,Cryptocurrency (USD pairs),13-Jul-21
arbitrum,0x6970460aabf80c5be983c6b74e5d06dedca95d4a,BNB / USD,BNB,Crypto,Cryptocurrency (USD pairs),null
arbitrum,0x6ce185860a4963106506c203335a2910413708e9,BTC / USD,Bitcoin,Crypto,Cryptocurrency (USD pairs),13-Jul-21
arbitrum,0x745ab5b69e01e2be1104ca84937bb71f96f5fb21,YFI / USD,Yearn Finance,Crypto,Cryptocurrency (USD pairs),24-Aug-21
arbitrum,0x7519bca20e21725557bb98d9032124f8885a26c2,BTC-USD Total Marketcap,Total cryptocurrency market cap,Crypto,null,null
arbitrum,0x761aaebf021f19f198d325d7979965d0c7c9e53b,OHMv2 / USD,Olympus v2,Crypto,Cryptocurrency (USD pairs),null
arbitrum,0x7c4720086e6feb755dab542c46de4f728e88304d,FEI / USD,FEI Protocol,Crypto,Stablecoins,null
arbitrum,0x851175a919f36c8e30197c09a9a49da932c2cc00,CVX / USD,Convex Finance,Crypto,Cryptocurrency (USD pairs),null
arbitrum,0x85bb02e0ae286600d1c68bb6ce22cc998d411916,KRW / USD,Korean Won,Forex,Foreign Exchange,17-Aug-21
arbitrum,0x86e53cf1b870786351da77a57575e79cb55812cb,LINK / USD,Chainlink,Crypto,Cryptocurrency (USD pairs),13-Jul-21
arbitrum,0x87121f6c9a9f6e90e59591e4cf4804873f54a95b,MIM / USD,Magic Internet Money,Crypto,Stablecoins,20-Oct-21
arbitrum,0x8bf61728eedce2f32c456454d87b5d6ed6150208,AVAX / USD,Avalanche,Crypto,null,null
arbitrum,0x8d0e319ebaa8df32e088e469062f85abf2ebe599,NFT Blue Chip Total Market Cap-USD,NFT blue chip total market cap,NFTs,Indexes,null
arbitrum,0x8fcb0f3715a82d83270777b3a5f3a7cf95ce8eec,BUSD / USD,Binance USD,Crypto,Cryptocurrency (USD pairs),null
arbitrum,0x9854e9a850e7c354c1de177ea953a6b1fba8fc22,AUD / USD,Australian Dollar,Forex,Foreign Exchange,17-Aug-21
arbitrum,0x9a7fb1b3950837a8d9b40517626e11d4127c098c,DOGE / USD,Dogecoin,Crypto,Cryptocurrency (USD pairs),9-Jun-22
arbitrum,0x9c4424fd84c6661f97d8d6b3fc3c1aac2bedd137,GBP / USD,Pound Sterling,Forex,Foreign Exchange,null
arbitrum,0x9c917083fdb403ab5adbec26ee294f6ecada2720,UNI / USD,Uniswap,Crypto,Cryptocurrency (USD pairs),1-Sep-21
arbitrum,0xa14d53bc1f1c0f31b4aa3bd109344e5009051a84,EUR / USD,Euro,Forex,Foreign Exchange,17-Aug-21
arbitrum,0xa33a06c119ec08f92735f9cca37e07af08c4f281,DODO / USD,Dodo,Crypto,Cryptocurrency (USD pairs),null
arbitrum,0xa668682974e3f121185a3cd94f00322bec674275,CBETH / ETH,cbeth,Crypto,null,null
arbitrum,0xa6bc5baf2000424e90434ba7104ee399dee80dec,DOT / USD,Polkadot,Crypto,Cryptocurrency (USD pairs),25-Apr-22
arbitrum,0xad1d5344aade45f43e596773bcc4c423eabdd034,AAVE / USD,Aave,Crypto,Cryptocurrency (USD pairs),13-Jul-21
arbitrum,0xaebda2c976cfd1ee1977eac079b4382acb849325,CRV / USD,Curve,Crypto,Cryptocurrency (USD pairs),null
arbitrum,0xb1552c5e96b312d0bf8b554186f846c40614a540,wstETH-stETH Exchange Rate,wsteth,Crypto,Cryptocurrency (ETH pairs),20-Apr-22
arbitrum,0xb1f70a229fe7cced0428245db8b1f6c48c7ea82a,ETH-USD Total Marketcap,Total cryptocurrency market cap,Crypto,null,null
arbitrum,0xb2a8ba74cbca38508ba1632761b56c897060147c,SUSHI / USD,Sushi,Crypto,Cryptocurrency (USD pairs),1-Sep-21
arbitrum,0xb4ad57b52ab9141de9926a3e0c8dc6264c2ef205,XRP / USD,XRP,Crypto,Cryptocurrency (USD pairs),1-Sep-22
arbitrum,0xb7c8fb1db45007f98a68da0588e1aa524c317f27,LINK / ETH,Chainlink,Crypto,null,null
arbitrum,0xbcd8bea7831f392bb019ef3a672cc15866004536,CV Index,Crypto Volatility Index,Crypto,null,null
arbitrum,0xbe5ea816870d11239c543f84b71439511d70b94f,BAL / USD,Balancer,Crypto,Cryptocurrency (USD pairs),1-Jul-22
arbitrum,0xbf539d4c2106dd4d9ab6d56aed3d9023529db145,KNC / USD,Kyber Network Crystal,Crypto,Cryptocurrency (USD pairs),3-Aug-22
arbitrum,0xbf5c3fb2633e924598a46b9d07a174a9dbcf57c0,NEAR / USD,NEAR Protocol,Crypto,Cryptocurrency (USD pairs),1-Sep-22
arbitrum,0xc373b9db0707fd451bc56ba5e9b029ba26629df0,DPX / USD,Dopex,Crypto,Cryptocurrency (USD pairs),13-Jun-22
arbitrum,0xc56765f04b248394cf1619d20db8082edbfa75b1,XAG / USD,Silver,Commodities,Cryptocurrency (USD pairs),25-Apr-22
arbitrum,0xc5a90a6d7e4af242da238ffe279e9f2ba0c64b2e,BTC / ETH,Bitcoin,Crypto,Cryptocurrency (ETH pairs),10-Dec-21
arbitrum,0xc5c8e77b397e531b8ec06bfb0048328b30e9ecfb,DAI / USD,DAI,Crypto,Stablecoins,13-Jul-21
arbitrum,0xcc3370bde6afe51e1205a5038947b9836371eccb,CNY / USD,Chinese Yuan,Forex,Foreign Exchange,24-Aug-21
arbitrum,0xcda67618e51762235eaca373894f0c79256768fa,ATOM / USD,Cosmos,Crypto,Cryptocurrency (USD pairs),1-Sep-22
arbitrum,0xd0c7101eacbb49f3decccc166d238410d6d46d57,WBTC / USD,Wrapped Bitcoin,Crypto,Cryptocurrency (USD pairs),null
arbitrum,0xd9f615a9b820225edba2d821c4a696a0924051c6,ADA / USD,Cardano,Crypto,Cryptocurrency (USD pairs),1-Sep-22
arbitrum,0xdb98056fecfff59d032ab628337a4887110df3db,GMX / USD,GMX,Crypto,Cryptocurrency (USD pairs),null
arbitrum,0xde89a55d04ded40a410877ab87d4f567ee66a1f0,SEK / USD,Swedish Krona,Forex,Foreign Exchange,null
arbitrum,0xde9f0894670c4efcacf370426f10c3ad2cdf147e,MKR / USD,Maker,Crypto,Cryptocurrency (USD pairs),25-Apr-22
arbitrum,0xded2c52b75b24732e9107377b7ba93ec1ffa4baf,STETH / ETH,STETH,Crypto,null,null
arbitrum,0xe32accc8c4ec03f6e75bd3621bfc9fbb234e1fc3,CHF / USD,Swiss Franc,Forex,Foreign Exchange,14-Oct-21
arbitrum,0xe7c53ffd03eb6cef7d208bc4c13446c76d1e5884,COMP / USD,Compound,Crypto,Cryptocurrency (USD pairs),1-Jul-22
arbitrum,0xf0d38324d1f86a176ac727a4b0c43c9f9d9c5eb1,SGD / USD,Singapore Dollar,Forex,Foreign Exchange,null
arbitrum,0xf3272cafe65b190e76caaf483db13424a3e23dd2,rETH-ETH Exchange Rate,reth,Crypto,Cryptocurrency (ETH pairs),6-Dec-22
arbitrum,0xf6da27749484843c4f02f5ad1378cee723dd61d4,CAD / USD,Canadian Dollar,Forex,Foreign Exchange,null
arbitrum,0xff82aaf635645fd0bcc7b619c3f28004cdb58574,PHP / USD,Philippines Peso,Forex,null,null
avalanche,0x01752eaab988ecb0ceba2c8fc97c4f1d38bf246d,SNX / USD,Synthetix Network,Crypto,Cryptocurrency (USD pairs),28-Jun-22
avalanche,0x02d35d3a8ac3e1626d3ee09a78dd87286f5e8e3a,JOE / USD,Trader Joe,Crypto,Cryptocurrency (USD pairs),null
avalanche,0x0a77230d17318075983913bc2145db16c7366156,AVAX / USD,Avalanche,Crypto,Cryptocurrency (USD pairs),14-Jul-21
avalanche,0x108f85023b5b1a06ac85713a94047f365a163de1,AMZN / USD,Amazon,Equities,null,null
avalanche,0x12af94c3716bbf339aa26bfd927ddde63b27d50c,FXS / USD,Frax Share,Crypto,Cryptocurrency (USD pairs),31-May-22
avalanche,0x155835c5755205597d62703a5a0b37e57a26ee5c,AXS / USD,Axie Infinity,Crypto,null,null
avalanche,0x192f2dba961bb0277520c082d6bfa87d5961333e,EUR / USD,Euro,Forex,Foreign Exchange,31-May-22
avalanche,0x1b8a25f73c9420dd507406c3a3816a276b62f56a,LINK / AVAX,Chainlink,Crypto,null,null
avalanche,0x1db18d41e4ad2403d9f52b5624031a2d9932fd73,MATIC / USD,Polygon (MATIC),Crypto,null,null
avalanche,0x1f41ef93dece881ad0b98082b2d44d3f6f0c515b,XAU / USD,Gold,Commodities,Commodities,31-May-22
avalanche,0x1fa4fc8e55939fc511d048e1cecafb4b2d30f9eb,OHMv2 / USD,Olympus v2,Crypto,Cryptocurrency (USD pairs),null
avalanche,0x2779d32d5166baaa2b2b658333ba7e6ec0c65743,BTC / USD,Bitcoin,Crypto,Cryptocurrency (USD pairs),14-Jul-21
avalanche,0x28043b1ebd41860b93ec1f1ec19560760b6db556,YFI / USD,Yearn Finance,Crypto,Cryptocurrency (USD pairs),2-Jun-22
avalanche,0x2854ca10a54800e15a2a25cfa52567166434ff0a,Calculated SAVAX / USD,Calculated Liquid Staked AVAX,Crypto,null,null
avalanche,0x2dd517b2f9ba49cedb0573131fd97a5ac19ff648,FTM / USD,Fantom,Crypto,Cryptocurrency (USD pairs),null
avalanche,0x2f194315f122d374a27973e259783d5c864a5bf6,FIL / USD,Filecoin,Crypto,Cryptocurrency (USD pairs),null
avalanche,0x36e039e6391a5e7a7267650979fdf613f659be5d,QI / USD,Benqi,Crypto,Cryptocurrency (USD pairs),null
avalanche,0x3b37950485b450edf90cbb85d0cd27308af4ab9a,CHF / USD,Swiss Franc,Forex,Foreign Exchange,25-Aug-21
avalanche,0x3ca13391e9fb38a75330fb28f8cc2eb3d9ceceed,AAVE / USD,Aave,Crypto,Cryptocurrency (USD pairs),19-Jul-21
avalanche,0x3e54eb0475051401d093702a5db84efa1ab77b14,MKR / USD,Maker,Crypto,Cryptocurrency (USD pairs),28-Jun-22
avalanche,0x3f968a21647d7ca81fb8a5b69c0a452701d5dce8,GMX / USD,GMX,Crypto,Cryptocurrency (USD pairs),6-Dec-22
avalanche,0x449a373a090d8a1e5f74c63ef831ceff39e94563,SUSHI / USD,Sushi,Crypto,Cryptocurrency (USD pairs),22-Sep-21
avalanche,0x49ccd9ca821efeab2b98c60dc60f518e765ede9a,LINK / USD,Chainlink,Crypto,Cryptocurrency (USD pairs),14-Jul-21
avalanche,0x4cf57dc9028187b9daaf773c8eca941036989238,XAVA / USD,Avalaunch,Crypto,Cryptocurrency (USD pairs),2-Jun-22
avalanche,0x4e4908de170506b0795be21bfb6e012770a635b1,AAPL / USD,Apple,Equities,null,null
avalanche,0x4f2eaebdd835ebe9108e718c0b6551e868381a88,FTT / USD,FTX Token,Crypto,Cryptocurrency (USD pairs),null
avalanche,0x4f3ddf9378a4865cf4f28be51e10aecb83b7daee,SPELL / USD,Spell Token,Crypto,Cryptocurrency (USD pairs),null
avalanche,0x51d7180eda2260cc4f6e4eebb82fef5c3c2b8300,DAI / USD,DAI,Crypto,Stablecoins,14-Jul-21
avalanche,0x52f8026423b5e04fdd9e4b5725b68230b71d019b,CVX / USD,Convex Finance,Crypto,Cryptocurrency (USD pairs),31-May-22
avalanche,0x54edab30a7134a16a54218ae64c73e1daf48a8fb,MIM / USD,Magic Internet Money,Crypto,Stablecoins,null
avalanche,0x5d1f504211c17365ca66353442a74d4435a8b778,MIMATIC / USD,MAI,Crypto,Cryptocurrency (USD pairs),2-Jun-22
avalanche,0x609dddb75518aa4af84ac228b62261ae68e52989,BRL / USD,Brazilian Real,Forex,Foreign Exchange,28-Jun-22
avalanche,0x6f2a1d4014fed967172fc7cacf7a6e04cf02752e,SAND / USD,The Sandbox,Crypto,null,null
avalanche,0x774f067083f23cab866310489419c884a6dc00a8,MANA / USD,Decentraland,Crypto,null,null
avalanche,0x79bd0edd79db586f22ff300b602e85a662fc1208,CAKE / USD,PancakeSwap,Crypto,Cryptocurrency (USD pairs),2-Jun-22
avalanche,0x7b0ca9a6d03fe0467a31ca850f5bca51e027b3af,ALPHA / USD,Alpha Finance,Crypto,Cryptocurrency (USD pairs),30-Sep-21
avalanche,0x7cf8a6090a9053b01f3df4d4e6cfedd8c90d9027,CRV / USD,Curve DAO,Crypto,Cryptocurrency (USD pairs),null
avalanche,0x7fde7f51dc2580dd051e17a333e28cdc8176da0a,NEAR / USD,NEAR Protocol,Crypto,null,null
avalanche,0x827f8a0dc5c943f7524dda178e2e7f275aad743f,BUSD / USD,Binance USD,Crypto,Stablecoins,null
avalanche,0x86442e3a98558357d46e6182f4b262f76c4fa26f,WBTC / USD,Wrapped Bitcoin,Crypto,Cryptocurrency (USD pairs),null
avalanche,0x976b3d034e162d8bd72d6b9c989d545b839003b0,ETH / USD,Ethereum,Crypto,Cryptocurrency (USD pairs),14-Jul-21
avalanche,0x98df0e27b678faff4cde48c03c4790f7e2e0754f,NFLX / USD,Netflix,Equities,null,null
avalanche,0x9a1372f9b1b71b3a5a72e092ae67e172dbd7daaa,UNI / USD,Uniswap,Crypto,Cryptocurrency (USD pairs),2-Jun-22
avalanche,0x9bbbfe5c63bc70349a63105a2312fc6169b60504,TSLA / USD,Tesla,Equities,null,null
avalanche,0x9cf3ef104a973b351b2c032aa6793c3a6f76b448,TUSD / USD,True USD,Crypto,Stablecoins,2-Jun-22
avalanche,0x9d6aa0ac8c4818433bea7a74f49c73b57bcec4ec,COMP / USD,Compound,Crypto,Cryptocurrency (USD pairs),28-Jun-22
avalanche,0x9df2195dc96e6ef983b1aac275649f3f28f82aa1,KNC / USD,Kyber Network Crystal v2,Crypto,Cryptocurrency (USD pairs),17-May-22
avalanche,0xa61bf273688ea095b5e4c11f1af5e763f7aeee91,TRY / USD,Turkish Lira,Forex,Foreign Exchange,2-Jun-22
avalanche,0xbba56ef1565354217a3353a466edb82e8f25b08e,FRAX / USD,FRAX,Crypto,Cryptocurrency (USD pairs),17-Aug-21
avalanche,0xc07cdf938aa113741fb639bf39699926123fb58b,ZRX / USD,0x,Crypto,Cryptocurrency (USD pairs),28-Jun-22
avalanche,0xc4d7270acc921de5a17452437257f075c1298eb3,CHZ / USD,Chiliz,Crypto,null,null
avalanche,0xd73a74314accb53b30cafda0cb61c9772b57c4a2,DOT / USD,Polkadot,Crypto,null,null
avalanche,0xe89b3ce86d25599d1e615c0f6a353b4572ff868d,BAT / USD,Basic Attention Token,Crypto,Cryptocurrency (USD pairs),28-Jun-22
avalanche,0xeb1f59749acc2ebcbcad084fbbde4e00452fe8d0,META / USD,Meta,Equities,null,null
avalanche,0xebe676ee90fe1112671f19b6b7459bc678b67e8a,USDT / USD,Tether USD,Crypto,Stablecoins,14-Jul-21
avalanche,0xf096872672f44d6eba71458d74fe67f9a77a23b9,USDC / USD,Circle USD,Crypto,Stablecoins,19-Jul-21
avalanche,0xf0981a2bde30cf767080d80b93beca6204dcc54a,APE / USD,APECoin,Crypto,Cryptocurrency (USD pairs),28-Jun-22
avalanche,0xf8b283ad4d969ecfd70005714dd5910160565b94,JPY / USD,Japanese Yen,Forex,Foreign Exchange,9-May-22
avalanche,0xfaa665f5a0e13beea63b6dff601dd634959690df,WOO / ETH,WOO Network,Crypto,Cryptocurrency (ETH pairs),null
avalanche,0xff20180f7c97c6030497d1d262d444b25fc5b460,GOOGL / USD,Alphabet,Equities,null,null
bsc,0x00edea5d03e6cb155662dbf1b00dea5693be874a,THB / USD,Thai Baht,Forex,Foreign Exchange,22-Jul-22
bsc,0x02bfe714e78e2ad1bb1c2bee93ec8dc5423b66d4,WOO / USD,Woo Network,Crypto,Cryptocurrency (USD pairs),7-Apr-21
bsc,0x0567f2323251f0aab15c8dfb1967e4e8a7d42aee,BNB / USD,BNB,Crypto,Cryptocurrency (USD pairs),2-Nov-20
bsc,0x058316f8bb13acd442ee7a216c7b60cfb4ea1b53,VAI / USD,Vai,Crypto,Cryptocurrency (USD pairs),21-Apr-21
bsc,0x08e70777b982a58d23d05e3d7714f44837c06a21,BSW / USD,Biswap,Crypto,Cryptocurrency (USD pairs),null
bsc,0x0bf79f617988c472dca68ff41efe1338955b9a80,EUR / USD,Euro,Forex,Cryptocurrency (USD pairs),25-Mar-21
bsc,0x0db8945f9aef5651fa5bd52314c5aae78dfde540,COMP / USD,Compound,Crypto,Cryptocurrency (USD pairs),27-May-21
bsc,0x0e8a53dd9c13589df6382f13da6b3ec8f919b323,SOL / USD,Solana,Crypto,Cryptocurrency (USD pairs),2-Jun-21
bsc,0x0e9d55932893fb1308882c7857285b2b0bcc4f4a,FXS / USD,Frax Share,Crypto,Cryptocurrency (USD pairs),null
bsc,0x0fe4d87883005fcafaf56b81d09473d9a29dcdc3,NEAR / USD,NEAR Protocol,Crypto,Cryptocurrency (USD pairs),22-Jul-22
bsc,0x116eeb23384451c78ed366d4f67d5ad44ee771a0,BTC / BNB,Bitcoin,Crypto,Cryptocurrency (BNB pairs),15-Feb-21
bsc,0x120ae15cb86060527bfd431abd3ff51890d2032c,DODO / BNB,Dodo,Crypto,null,null
bsc,0x12bf0c3f7d5aca9e711930d704da2774358d9210,KAVA / USD,Kava,Crypto,Cryptocurrency (USD pairs),null
bsc,0x132d3c0b1d2cea0bc552588063bdbb210fdeecfa,DAI / USD,DAI,Crypto,null,null
bsc,0x13a9c98b07f098c5319f4ff786eb16e22dc738e1,FRAX / USD,FRAX,Crypto,null,null
bsc,0x16c0c1f971b1780f952572670a9d5ce4123582a1,MXN / USD,Mexican Peso,Forex,Foreign Exchange,null
bsc,0x1aae42aa46483370be23274abb29bcc40f808a4c,MBOX / USD,Mobox,Crypto,null,null
bsc,0x1b816f5e122efa230300126f97c018716c4e47f5,DF / USD,dForce,Crypto,Cryptocurrency (USD pairs),7-Apr-21
bsc,0x1ccad765d39aa2060eb4f6dd94e5874db786c16f,PHP / USD,Philippine Peso,Forex,null,null
bsc,0x1f771b2b1f3c3db6c7a1d5f38961a49cecd116da,CHR / USD,Chromaway,Crypto,Cryptocurrency (USD pairs),12-Aug-21
bsc,0x1fe6c9bd9b29e5810c2819f37dda8559739ebec9,NFLX / USD,Netflix,Equities,null,null
bsc,0x22db8397a6e77e41471de256a7803829fdc8bc57,JPY / USD,Japanese Yen,Forex,Foreign Exchange,25-Mar-21
bsc,0x234c7a1da64bdf44e1b8a25c94af53ff2a199de0,ARKK / USD,ARK Innovation ETF,Equities,null,null
bsc,0x25298f020c3ca1392da76eb7ac844813b218ccf7,UNI / BNB,Uniswap,Crypto,null,null
bsc,0x264990fbd0a4796a3e3d8e37c4d5f87a3aca5ebf,BTC / USD,Bitcoin,Crypto,Cryptocurrency (USD pairs),1-Dec-20
bsc,0x27cc356a5891a3fe6f84d0457de4d108c6078888,XLM / USD,Stellar,Crypto,Cryptocurrency (USD pairs),null
bsc,0x2a3796273d47c4ed363b361d3aefb7f7e2a13782,BETH / USD,Binance ETH,Crypto,Cryptocurrency (USD pairs),28-Jul-21
bsc,0x2a548935a323bb7329a5e3f1667b979f16bc890b,BCH / BNB,Bitcoin Cash,Crypto,Cryptocurrency (BNB pairs),10-Mar-21
bsc,0x2d1ab79d059e21ae519d88f978caf39d74e31aeb,COIN / USD,Coinbase,Equities,null,null
bsc,0x2d5fc41d1365ffe13d03d91e82e04ca878d69f4b,ADA / BNB,Cardano,Crypto,Cryptocurrency (BNB pairs),10-Mar-21
bsc,0x2e1c3b6fcae47b20dd343d9354f7b1140a1e6b27,CRV / USD,Curve,Crypto,Cryptocurrency (USD pairs),null
bsc,0x3065b2369820f76c829b9bbcaf4b90f9f47d6314,SGD / USD,Singapore Dollar,Forex,Foreign Exchange,22-Jul-22
bsc,0x31e0110f8c1376a699c8e3e65b5110e0525a811d,ARPA / USD,ARPA Chain,Crypto,null,null
bsc,0x3334bf7ec892ca03d1378b51769b7782eaf318c4,BAND / BNB,Band Protocol,Crypto,Cryptocurrency (BNB pairs),10-Mar-21
bsc,0x368b7ab0a0ff94e23ff5e4a7f04327df7079e174,BAC / USD,Bank of America,Equities,null,null
bsc,0x38393201952f2764e04b290af9df427217d56b41,LINA / USD,Linear,Crypto,Cryptocurrency (USD pairs),9-Mar-21
bsc,0x38e05754eb00171cbe72ba1ee792933d6e8d2891,FTT / USD,FTX Token,Crypto,Cryptocurrency (USD pairs),null
bsc,0x3ab0a0d137d4f946fbb19eecc6e92e64660231c8,DOGE / USD,Dogecoin,Crypto,Cryptocurrency (USD pairs),27-Apr-21
bsc,0x3b37c6f1e3207de5a4664e837072bd9a25269b39,Calculated SAVAX / USD,Calculated Liquid Staked AVAX,Crypto,Cryptocurrency (USD pairs),20-Apr-22
bsc,0x3e3aa4fc329529c8ab921c810850626021dba7e6,ZIL / USD,Ziliqa,Crypto,Cryptocurrency (USD pairs),14-Jun-21
bsc,0x43d80f616daf0b0b42a928eed32147dc59027d41,BCH / USD,Bitcoin Cash,Crypto,Cryptocurrency (USD pairs),23-Feb-21
bsc,0x45f86ca2a8bc9ebd757225b19a1a0d7051be46db,USDC / BNB,Circle USD,Crypto,Cryptocurrency (BNB pairs),15-Feb-21
bsc,0x46f13472a4d4fec9e07e8a00ee52f4fa77810736,REEF / USD,Reef Finance,Crypto,Cryptocurrency (USD pairs),8-Jun-21
bsc,0x47e01580c537cd47da339ea3a4afb5998ccf037c,SPELL / USD,Spell Token,Crypto,Cryptocurrency (USD pairs),null
bsc,0x4978c0abe6899178c1a74838ee0062280888e2cf,MASK / USD,Mask Network,Crypto,Cryptocurrency (USD pairs),17-Aug-21
bsc,0x498f912b09b5df618c77fcc9e8da503304df92bf,AUD / USD,Australian Dollar,Forex,Foreign Exchange,null
bsc,0x4d82c300d699d70a932bd2d556124765a6872d6e,BTT / USD,BitTorrent,Crypto,Cryptocurrency (USD pairs),null
bsc,0x4e5a43a79f53c0a8e83489648ea7e429278f8b2d,LTC / BNB,Litecoin,Crypto,Cryptocurrency (BNB pairs),10-Mar-21
bsc,0x51597f405303c4377e36123cbc172b13269ea163,USDC / USD,Circle USD,Crypto,Cryptocurrency (USD pairs),23-Feb-21
bsc,0x51d08ca89d3e8c12535ba8aed33cdf2557ab5b2a,AMZN / USD,Amazon,Equities,null,null
bsc,0x5289a08b6d5d2f8fad4cc169c65177f68c0f0a99,BRK B / USD,Berkshire Hathaway,Equities,null,null
bsc,0x58afeb74c77c1d410fbcbb4858582d2669d5a6c0,WBTC / USD,Wrapped Bitcoin,Crypto,Cryptocurrency (USD pairs),null
bsc,0x5974855ce31ee8e1fff2e76591cbf83d7110f151,AVAX / USD,Avalanche,Crypto,null,null
bsc,0x5cb1cb3ea5fb46de1ce1d0f3badb3212e8d8ef48,BRL / USD,Brazilian Real,Forex,Foreign Exchange,null
bsc,0x5d209ce1fbabeaa8e6f9de4514a74ffb4b34560f,MSFT / USD,Microsoft,Equities,null,null
bsc,0x6101f4dfbb24cac3d64e28a815255b428b93639f,MRNA / USD,Moderna,Equities,null,null
bsc,0x63a9133cd7c611d6049761038c16f238fdda71d7,INJ / USD,Injective Protocol,Crypto,Cryptocurrency (USD pairs),22-Sep-21
bsc,0x63d407f32aa72e63c7209ce1c2f5da40b3aae726,ETH / BNB,Ethereum,Crypto,Cryptocurrency (BNB pairs),15-Feb-21
bsc,0x657e700c66c48c135c4a29c4292908dbda7aa280,FET / USD,Fetch ai,Crypto,Cryptocurrency (USD pairs),22-Sep-21
bsc,0x66cd2975d02f5f5cdef2e05cbca12549b1a5022d,GME / USD,Gamestop,Equities,null,null
bsc,0x685fc5acb74ce3d5df03543c9813c73dfce50de8,TSM / USD,Taiwan Semiconductor,Equities,null,null
bsc,0x6b25f7f189c3f26d3cac43b754578b67fc8d952a,MS / USD,Morgan Stanley,Equities,null,null
bsc,0x6f55dfaf098a813d87bb4e6392275b502360bb9d,CREAM / BNB,CREAM,Crypto,Cryptocurrency (BNB pairs),10-Mar-21
bsc,0x74e72f37a8c415c8f1a98ed42e78ff997435791d,LTC / USD,Litecoin,Crypto,Cryptocurrency (USD pairs),23-Feb-21
bsc,0x798a65d349b2b5e6645695912880b54dffd79074,XRP / BNB,Ripple,Crypto,Cryptocurrency (BNB pairs),10-Mar-21
bsc,0x7b49524ee5740c99435f52d731dfc94082fe61ab,AXS / USD,Axie Infinity,Crypto,null,null
bsc,0x7bc032a7c19b1bdcb981d892854d090cfb0f238e,ALPHA / BNB,Alpha Finance,Crypto,Cryptocurrency (BNB pairs),7-Apr-21
bsc,0x7ca57b0ca6367191c94c8914d7df09a57655905f,MATIC / USD,Polygon (MATIC),Crypto,Cryptocurrency (USD pairs),14-Jun-21
bsc,0x7e728dfa6bca9023d9abee759fdf56beab8ac7ad,TWT / BNB,Trust Wallet Token,Crypto,Cryptocurrency (BNB pairs),7-Apr-21
bsc,0x7f8cad4690a38ac28bda3d132ef83db1c17557df,PAXG / USD,Pax Gold,Crypto,Cryptocurrency (USD pairs),7-Apr-21
bsc,0x817326922c909b16944817c207562b25c4df16ad,XAG / USD,Silver,Commodities,Commodities,2-Mar-21
bsc,0x8264d6983b219be65c4d62f1c82b3a2999944cf2,XTZ / BNB,Tezos,Crypto,Cryptocurrency (BNB pairs),8-Mar-21
bsc,0x83766ba8d964feaed3819b145a69c947df9cb035,LIT / USD,Litentry,Crypto,Cryptocurrency (USD pairs),8-Jun-21
bsc,0x84210d9013a30c6ab169e28840a6cc54b60fa042,ICP / USD,Internet Computer Protocol,Crypto,Cryptocurrency (USD pairs),14-Jun-21
bsc,0x86896feb19d8a607c3b11f2af50a0f239bd71cd0,XAU / USD,Gold,Commodities,Commodities,26-Feb-21
bsc,0x87701b15c08687341c2a847ca44ecfbc8d7873e1,DODO / USD,Dodo,Crypto,Cryptocurrency (USD pairs),11-Oct-21
bsc,0x87ea38c9f24264ec1fff41b04ec94a97caf99941,BUSD / BNB,Binance USD,Crypto,Cryptocurrency (BNB pairs),15-Feb-21
bsc,0x887f177cbed2cf555a64e7bf125e1825eb69db82,ONT / USD,Ontology,Crypto,Cryptocurrency (USD pairs),28-Apr-21
bsc,0x889158e39628c0397dc54b84f6b1cbe0aaeb7ffc,C98 / USD,C98,Crypto,Cryptocurrency (USD pairs),null
bsc,0x88e71e6520e5ac75f5338f5f0c9ded9d4f692cda,AUTO / USD,Auto,Crypto,Cryptocurrency (USD pairs),21-Apr-21
bsc,0x8b0d36ae4cf8e277773a7ba5f35c09edb144241b,GMT / USD,STEPN,Crypto,null,null
bsc,0x8ec213e7191488c7873cec6dac8e97cdbadb7b35,DAI / BNB,DAI,Crypto,null,null
bsc,0x8f26ba94180371baa2d2c143f96b6886dcaca250,JPM / USD,JP Morgan,Equities,null,null
bsc,0x8faf16f710003e538189334541f5d4a391da46a0,GBP / USD,Pound Sterling,Forex,Foreign Exchange,null
bsc,0x9165366bf450a6906d25549f0e0f8e6586fc93e2,MDX / USD,MDex,Crypto,Cryptocurrency (USD pairs),null
bsc,0x93a67d414896a280bf8ffb3b389fe3686e014fda,XRP / USD,Ripple,Crypto,Cryptocurrency (USD pairs),24-Feb-21
bsc,0x964261740356cb4aad0c3d2003ce808a4176a46d,CHF / USD,Swiss Franc,Forex,Foreign Exchange,23-Aug-21
bsc,0x9a177bb9f5b6083e962f9e62bd21d4b5660aeb03,1INCH / USD,1inch,Crypto,Cryptocurrency (USD pairs),null
bsc,0x9a18137adcf7b05f033ad26968ed5a9cf0bf8e6b,XTZ / USD,Tezos,Crypto,Cryptocurrency (USD pairs),27-Apr-21
bsc,0x9a41b56b2c24683e2f23bde15c14bc7c4a58c3c4,QQQ / USD,QQQ Nasdaq 100 ETF,Equities,null,null
bsc,0x9e7377e194e41d63795907c92c3eb351a2eb0233,WIN / USD,WINkLink,Crypto,Cryptocurrency (USD pairs),null
bsc,0x9ef1b8c0e4f7dc8bf5719ea496883dc6401d5b2e,ETH / USD,Ethereum,Crypto,Cryptocurrency (USD pairs),1-Dec-20
bsc,0x9f1fd2cef7b226d555a747da0411f93c5fe74e13,VET / USD,VeChain,Crypto,Cryptocurrency (USD pairs),28-Nov-22
bsc,0xa12fc27a873cf114e6d8bbaf8bd9b8ac56110b39,CREAM / USD,CREAM,Crypto,Cryptocurrency (USD pairs),null
bsc,0xa3334a9762090e827413a7495afece76f41dfc06,TUSD / USD,True USD,Crypto,Stablecoins,22-Sep-21
bsc,0xa3d5bb7e8ccc2dc7492537cc2ec4e4e7bba32fa0,VT / USD,Vanguard Total World ETF,Equities,null,null
bsc,0xa615be6cb0f3f36a641858db6f30b9242d0abed8,SHIB / USD,Shiba Inu,Crypto,Cryptocurrency (USD pairs),null
bsc,0xa679c72a97b654cfff58ab704de3ba15cde89b07,SUSHI / USD,Sushi,Crypto,Cryptocurrency (USD pairs),null
bsc,0xa767f745331d267c7751297d982b050c93985627,ADA / USD,Cardano,Crypto,null,null
bsc,0xa8357bf572460fc40f4b0acacbb2a6a61c89f475,AAVE / USD,Aave,Crypto,Cryptocurrency (USD pairs),14-Jun-21
bsc,0xab827b69dacd586a37e80a7d552a4395d576e645,BIFI / USD,Beefy Finance,Crypto,Cryptocurrency (USD pairs),4-Aug-21
bsc,0xacfbe73231d312ac6954496b3f786e892bf0f7e5,NULS / USD,Nuls,Crypto,null,null
bsc,0xb056b7c804297279a9a673289264c17e6dc6055d,ATOM / USD,Cosmos,Crypto,Cryptocurrency (USD pairs),7-Apr-21
bsc,0xb1bed6c1fc1ade2a975f54f24851c7f410e27718,WTI / USD,WTI Crude,Commodities,null,null
bsc,0xb24d1dee5f9a3f761d286b56d2bc44ce1d02df7e,SPY / USD,SPY S&P 500 ETF,Equities,null,null
bsc,0xb38722f6a608646a538e882ee9972d15c86fc597,LINK / BNB,Chainlink,Crypto,Cryptocurrency (BNB pairs),9-Mar-21
bsc,0xb57f259e7c24e56a1da00f66b55a5640d9f9e7e4,UNI / USD,Uniswap,Crypto,Cryptocurrency (USD pairs),24-Mar-21
bsc,0xb6064ed41d4f67e353768aa239ca86f4f73665a1,CAKE / USD,PancakeSwap,Crypto,Cryptocurrency (USD pairs),5-Oct-21
bsc,0xb7ed5be7977d61e83534230f3256c021e0fae0b6,AAPL / USD,Apple,Equities,null,null
bsc,0xb9344e4ffa6d5885b2c5830adc27ddf3fdbf883c,BIDU / USD,Baidu,Equities,null,null
bsc,0xb97ad0e74fa7d920791e90258a6e2085088b4320,USDT / USD,Tether USD,Crypto,Cryptocurrency (USD pairs),23-Feb-21
bsc,0xba8683e9c3b1455be6e18e7768e8cad95eb5ed49,DOT / BNB,Polkadot,Crypto,Cryptocurrency (BNB pairs),10-Mar-21
bsc,0xbf63f430a79d4036a5900c19818aff1fa710f206,XVS / USD,Venus,Crypto,Cryptocurrency (USD pairs),23-Feb-21
bsc,0xc18c5a32c84cbbac7d0f06dd370198da711c73c9,UNH / USD,United Health,Equities,null,null
bsc,0xc333eb0086309a16aa7c8308dfd32c8bba0a2592,DOT / USD,Polkadot,Crypto,Cryptocurrency (USD pairs),24-Feb-21
bsc,0xc4429b539397a3166ef3ef132c29e34715a3abb4,Calculated BNBx / USD,Stader BNBx,Crypto,null,null
bsc,0xc78b99ae87ff43535b0c782128db3cb49c74a4d3,BAND / USD,Band Protocol,Crypto,null,null
bsc,0xc861a351b2b50985b9061a5b68ebf9018e7ffb7b,SPCE / USD,Virgin Galactic,Equities,null,null
bsc,0xc94580faaf145b2fd0ab5215031833c98d3b77e4,YFII / USD,YFII Finance,Crypto,Cryptocurrency (USD pairs),14-Apr-21
bsc,0xc9d267542b23b41fb93397a93e5a1d7b80ea5a01,MIM / USD,Magic Internet Money,Crypto,Stablecoins,null
bsc,0xca236e327f629f9fc2c30a4e95775ebf0b89fac8,LINK / USD,Chainlink,Crypto,Cryptocurrency (USD pairs),23-Feb-21
bsc,0xcb23da9ea243f53194cbc2380a6d4d9bc046161f,CAKE / BNB,PancakeSwap,Crypto,Cryptocurrency (BNB pairs),7-Apr-21
bsc,0xcbb98864ef56e9042e7d2efef76141f15731b82f,BUSD / USD,Binance USD,Crypto,Cryptocurrency (USD pairs),23-Feb-21
bsc,0xcf95796f3016801a1da5c518fc7a59c51dcef793,ONG / USD,Ontology Gas,Crypto,Cryptocurrency (USD pairs),null
bsc,0xd5508c8ffdb8f15ce336e629fd4ca9adb48f50f0,EOS / USD,EOS,Crypto,Cryptocurrency (USD pairs),27-Apr-21
bsc,0xd5c40f5144848bd4ef08a9605d860e727b991513,USDT / BNB,Tether USD,Crypto,Cryptocurrency (BNB pairs),15-Feb-21
bsc,0xd7eaa5bf3013a96e3d515c055dbd98dbdc8c620d,YFI / USD,Yearn Finance,Crypto,Cryptocurrency (USD pairs),1-Mar-21
bsc,0xde1952a1bf53f8e558cc761ad2564884e55b2c6f,ZAR / USD,South African Rand,Forex,null,null
bsc,0xdf4dd957a84f798acfadd448badd2d8b9bc99047,HIGH / USD,Highstreet,Crypto,Cryptocurrency (USD pairs),null
bsc,0xe0073b60833249ffd1bb2af809112c2fbf221df6,ALPACA / USD,Alpaca Finance,Crypto,Cryptocurrency (USD pairs),23-Aug-21
bsc,0xe188a9875af525d25334d75f3327863b2b8cd0f1,SXP / USD,Swipe,Crypto,Cryptocurrency (USD pairs),23-Feb-21
bsc,0xe2a47e87c0f4134c8d06a41975f6860468b2f925,FTM / USD,Fantom,Crypto,null,null
bsc,0xe3ca2f3bad1d8327820f648c759f17162b5383ae,CFX / USD,Conflux,Crypto,Cryptocurrency (USD pairs),5-May-21
bsc,0xe5dbfd9003bff9df5feb2f4f445ca00fb121fb83,FIL / USD,Filecoin,Crypto,Cryptocurrency (USD pairs),23-Feb-21
bsc,0xe96ffde2ba50e0e869520475ee1bc73ca2dee326,PFE / USD,Pfizer,Equities,null,null
bsc,0xea5c2cbb5cd57dac24e26180b19a929f3e9699b8,NVDA / USD,Nvidia,Equities,null,null
bsc,0xed93f3764334788f2f6628b30e505fe1fc5d1d7b,EOS / BNB,EOS,Crypto,Cryptocurrency (BNB pairs),10-Mar-21
bsc,0xeda73f8acb669274b15a977cb0cda57a84f18c2a,GOOGL / USD,Alphabet,Equities,null,null
bsc,0xeea2ae9c074e87596a85abe698b2afebc9b57893,TSLA / USD,Tesla,Equities,null,null
bsc,0xef0a3109ce97e0b58557f0e3ba95ea16bfa4a89d,INR / USD,Indian Rupee,Forex,null,null
bsc,0xf1769eb4d1943af02ab1096d7893759f6177d6b8,BTC / ETH,Bitcoin,Crypto,Cryptocurrency (ETH pairs),26-Jul-21
bsc,0xf2f8273f6b9fc22c90891dc802caf60eef805cdf,KNC / USD,Kyber Network Crystal,Crypto,Cryptocurrency (USD pairs),16-Jun-22
bsc,0xf369a13e7f2449e58dde8302f008ee9131f8d859,XVS / BNB,Venus,Crypto,Cryptocurrency (BNB pairs),26-Jul-21
bsc,0xf4c5e535756d11994fcbb12ba8add0192d9b88be,TRX / USD,Tron,Crypto,Cryptocurrency (USD pairs),2-Mar-21
bsc,0xf7e7c0ffcb11dac6eca1434c67fab9ae000e10a7,WING / USD,Wing Finance,Crypto,Cryptocurrency (USD pairs),28-Apr-21
bsc,0xf841761481df19831ccc851a54d8350ae6022583,YFI / BNB,Yearn Finance,Crypto,Cryptocurrency (BNB pairs),9-Mar-21
bsc,0xfc76e9445952a3c31369dfd26edfdfb9713df5bb,FB / USD,Meta,Equities,null,null
bsc,0xfd07b211044572898cdbcb1435f0a1369fd15726,KLAY / USD,Klaytn,Crypto,Cryptocurrency (USD pairs),22-Jul-22
ethereum,0x00cb80cf097d9aa9a3779ad8ee7cf98437eae050,CRO / USD,Cronos,Crypto,Cryptocurrency (USD pairs),7-Apr-21
ethereum,0x01435677fb11763550905594a16b645847c1d0f3,KRW / USD,Korean Won,Forex,Foreign Exchange,16-Feb-21
ethereum,0x01ce1210fe8153500f60f7131d63239373d7e26c,PERP / USD,Perpetual Protocol,Crypto,null,null
ethereum,0x01d391a48f4f7339ac64ca2c83a07c22f95f587a,EURT / USD,Tether Euro,Crypto,Cryptocurrency (USD pairs),14-Sep-21
ethereum,0x021fb44bfeafa0999c7b07c4791cf4b859c3b431,MSFT / USD,Microsoft,Equities,null,null
ethereum,0x029849bbc0b1d93b85a8b6190e979fd38f5760e2,DPI / ETH,DeFi Pulse Index,Crypto,null,null
ethereum,0x0606be69451b1c9861ac6b3626b99093b713e801,FIL / ETH,Filecoin,Crypto,Cryptocurrency (ETH pairs),4-Mar-21
ethereum,0x06e4164e24e72b879d93360d1b9fa05838a62eb5,KSM / USD,Kusama,Crypto,Cryptocurrency (USD pairs),2-Jun-21
ethereum,0x09023c0da49aaf8fc3fa3adf34c6a7016d38d5e3,USDP / USD,Pax Dollar,Crypto,Stablecoins,23-Sep-21
ethereum,0x0a1d1b9847d602e789be38b802246161ffa24930,CTSI / ETH,Cartesi,Crypto,Cryptocurrency (ETH pairs),8-Sep-21
ethereum,0x0a87e12689374a4ef49729582b474a1013ccebf8,ERN / USD,Ethernity Chain,Crypto,null,null
ethereum,0x0bdb051e10c9718d1c29efbad442e88d38958274,BAND / ETH,Band Protocol,Crypto,Cryptocurrency (ETH pairs),11-Feb-21
ethereum,0x0d16d4528239e9ee52fa531af613acdb23d88c94,BAT / ETH,Basic Attention Token,Crypto,Cryptocurrency (ETH pairs),23-Dec-19
ethereum,0x0e773a17a01e2c92f5d4c53435397e2bd48e215f,GTC / ETH,GitCoin,Crypto,null,null
ethereum,0x0f59666ede214281e956cb3b2d0d69415aff4a01,REN / USD,Ren,Crypto,Cryptocurrency (USD pairs),21-Aug-20
ethereum,0x10a43289895eaff840e8d45995bba89f9115ecee,EOS / USD,EOS,Crypto,Cryptocurrency (USD pairs),21-Aug-20
ethereum,0x134fe0a225fb8e6683617c13ceb6b3319fb4fb82,WING / USD,Wing Finance,Crypto,Cryptocurrency (USD pairs),15-Mar-21
ethereum,0x139c8512cde1778e9b9a8e721ce1aebd4dd43587,AAPL / USD,Apple,Equities,null,null
ethereum,0x13a8f2cc27ccc2761ca1b21d2f3e762445f201ce,LON / ETH,Tokenlon,Crypto,Cryptocurrency (ETH pairs),28-Apr-21
ethereum,0x14d04fff8d21bd62987a5ce9ce543d2f1edf5d3e,FRAX / ETH,FRAX,Crypto,Cryptocurrency (ETH pairs),18-May-21
ethereum,0x14e613ac84a31f709eadbdf89c6cc390fdc9540a,BNB / USD,BNB,Crypto,Cryptocurrency (USD pairs),21-Aug-20
ethereum,0x15c8ea24ba2d36671fa22ad4cff0a8eafe144352,ATOM / ETH,Cosmos,Crypto,null,null
ethereum,0x160ac928a16c93ed4895c2de6f81ecce9a7eb7b4,LRC / ETH,Loopring,Crypto,Cryptocurrency (ETH pairs),18-Dec-19
ethereum,0x169e633a2d1e6c10dd91238ba11c4a708dfef37c,Fast Gas / Gwei,Fast Gas,Crypto,Ethereum Gas,11-May-20
ethereum,0x17d054ecac33d91f7340645341efb5de9009f1c1,GRT / ETH,The Graph,Crypto,Cryptocurrency (ETH pairs),16-Feb-21
ethereum,0x194a9aaf2e0b67c35915cd01101585a33fe25caa,ALCX / ETH,Alchemix,Crypto,Cryptocurrency (ETH pairs),12-Aug-21
ethereum,0x1b39ee86ec5979ba5c322b826b3ecb8c79991699,COMP / ETH,Compound,Crypto,Cryptocurrency (ETH pairs),11-Aug-20
ethereum,0x1b58b67b2b2df71b4b0fb6691271e83a0fa36ac5,CV / Index,Crypto Volatility Index,Crypto,null,null
ethereum,0x1c07afb8e2b827c5a4739c6d59ae3a5035f28734,DOT / USD,Polkadot,Crypto,Cryptocurrency (USD pairs),24-Nov-20
ethereum,0x1cedaab50936881b3e449e47e40a2cdaf5576a4a,TSLA / USD,Tesla,Equities,null,null
ethereum,0x1e6cf0d433de4fe882a437abc654f58e1e78548c,BNT / USD,Bancor,Crypto,Cryptocurrency (USD pairs),22-Jan-20
ethereum,0x214ed9da11d2fbe465a6fc601a91e62ebec1a0d6,XAU / USD,Gold,Commodities,Commodities,11-Dec-19
ethereum,0x231e764b44b2c1b7ca171fa8021a24ed520cde10,ADX / USD,Adex,Crypto,Cryptocurrency (USD pairs),1-Oct-20
ethereum,0x23905c55dc11d609d5d11dc604905779545de9a7,ENJ / USD,Enjin Coin,Crypto,Cryptocurrency (USD pairs),null
ethereum,0x24551a8fb2a7211a25a17b1481f043a8a8adc7f2,MKR / ETH,Maker,Crypto,Cryptocurrency (ETH pairs),23-Dec-19
ethereum,0x2465cefd3b488be410b941b1d4b2767088e2a028,DOGE / USD,Dogecoin,Crypto,Cryptocurrency (USD pairs),18-May-21
ethereum,0x24d9ab51950f3d62e9144fdc2f3135daa6ce8d1b,ENJ / ETH,Enjin Coin,Crypto,Cryptocurrency (ETH pairs),6-Jul-20
ethereum,0x26929b85fe284eeab939831002e1928183a10fb1,TRU / USD,Truefi,Crypto,Cryptocurrency (USD pairs),16-Feb-21
ethereum,0x2885d15b8af22648b98b122b22fdf4d2a56c6023,ZRX / USD,0x,Crypto,Cryptocurrency (USD pairs),11-Feb-21
ethereum,0x2a784368b1d492f458bf919389f42c18315765f5,RARI / ETH,Rarible,Crypto,Cryptocurrency (ETH pairs),14-Apr-21
ethereum,0x2b1248028fe48864c4f1c305e524e2e6702eafdf,PHA / USD,Phala Network,Crypto,Cryptocurrency (USD pairs),null
ethereum,0x2c1d072e956affc0d435cb7ac38ef18d24d9127c,LINK / USD,Chainlink,Crypto,Cryptocurrency (USD pairs),12-Dec-19
ethereum,0x2c881b6f3f6b5ff6c975813f87a4dad0b241c15b,OGN / ETH,Origin Protocol,Crypto,Cryptocurrency (ETH pairs),16-Dec-20
ethereum,0x2da4983a622a8498bb1a21fae9d8f6c664939962,ZRX / ETH,0x,Crypto,Cryptocurrency (ETH pairs),23-Dec-19
ethereum,0x2de7e4a9488488e0058b95854cc2f7955b35dc9b,FTM / ETH,Fantom,Crypto,Cryptocurrency (ETH pairs),4-Jun-20
ethereum,0x2f05888d185970f178f40610306a0cc305e52bbf,REQ / USD,Request Network,Crypto,null,null
ethereum,0x3147d7203354dc06d9fd350c7a2437bca92387a4,REN / ETH,Ren,Crypto,Cryptocurrency (ETH pairs),7-Jul-20
ethereum,0x31e0a88fecb6ec0a411dbe0e9e76391498296ee9,FEI / USD,FEI Protocol,Crypto,Stablecoins,26-Jul-21
ethereum,0x32eafc72772821936bcc9b8a32dc394fefcdbfd9,Arbitrum Healthcheck,Arbitrum Health Sequencer Flag,Crypto,null,null
ethereum,0x35e3f7e558c04ce7eee1629258ecbba03b36ec56,SAND / USD,The Sandbox,Crypto,Cryptocurrency (USD pairs),13-Apr-21
ethereum,0x36d39936bea501755921beb5a382a88179070219,GOOGL / USD,Alphabet,Equities,null,null
ethereum,0x379589227b15f1a12195d3f2d90bbc9f31f95235,XAG / USD,Silver,Commodities,Commodities,11-Dec-19
ethereum,0x3886ba987236181d98f2401c507fb8bea7871df2,TUSD / ETH,TrueUSD,Crypto,Stablecoins,23-Dec-19
ethereum,0x38c5ae3ee324ee027d88c5117ee58d07c9b4699b,HBAR / USD,Hedera Hashgraph,Crypto,Cryptocurrency (USD pairs),2-Apr-21
ethereum,0x3977cfc9e4f29c184d4675f4eb8e0013236e5f3e,NZD / USD,New Zealand Dollar,Forex,Foreign Exchange,5-May-21
ethereum,0x3a08ebbab125224b7b6474384ee39fbb247d2200,PAX / ETH,Pax Dollar,Crypto,Cryptocurrency (ETH pairs),11-Mar-21
ethereum,0x3b41d5571468904d4e53b6a8d93a6bac43f02dc9,PERP / ETH,Perpetual Protocol,Crypto,Cryptocurrency (ETH pairs),16-Mar-21
ethereum,0x3d44925a8e9f9dfd90390e58e92ec16c996a331b,TOMO / USD,Tomochain,Crypto,Cryptocurrency (USD pairs),17-Dec-20
ethereum,0x3d7ae7e594f2f2091ad8798313450130d0aba3a0,LUSD / USD,Liquity USD,Crypto,null,null
ethereum,0x3e7d1eab13ad0104d2750b8863b489d65364e32d,USDT / USD,Tether USD,Crypto,Stablecoins,17-Feb-21
ethereum,0x449d117117838ffa61263b61da6301aa2a88b13a,CHF / USD,Swiss Franc,Forex,Foreign Exchange,11-Dec-19
ethereum,0x456834f736094fb0aad40a9bbc9d4a0f37818a54,FOR / USD,ForTube,Crypto,Cryptocurrency (USD pairs),null
ethereum,0x478909d4d798f3a1f11ffb25e4920c959b4ade0b,DYDX / USD,dYdX,Crypto,null,null
ethereum,0x483d36f6a1d063d580c7a24f9a42b346f3a69fbb,RAI / USD,RAI Reflex Index,Crypto,Stablecoins,13-Oct-21
ethereum,0x492575fdd11a0fcf2c6c719867890a7648d526eb,AMPL / ETH,Ampleforth,Crypto,Cryptocurrency (ETH pairs),10-Mar-21
ethereum,0x4ad7b025127e89263242ab68f0f9c4e5c033b489,RAI / ETH,RAI Reflex Index,Crypto,Cryptocurrency (ETH pairs),8-Apr-21
ethereum,0x4cba1e1fdc738d0fe8db3ee07728e2bc4da676c6,RLC / ETH,iExec RLC,Crypto,Cryptocurrency (ETH pairs),9-Nov-20
ethereum,0x4d2574c790d836b8c886615d927e9ba585b10eba,BTC Height,Bitcoin block height,Crypto,null,null
ethereum,0x4e844125952d32acdf339be976c98e22f6f318db,LDO / ETH,Lido DAO,Crypto,Cryptocurrency (ETH pairs),5-May-21
ethereum,0x4ffc43a60e009b551865a93d232e33fce9f01507,SOL / USD,Solana,Crypto,Cryptocurrency (USD pairs),28-Sep-21
ethereum,0x536218f9e9eb48863970252233c8f271f554c2d0,RETH / ETH,RETH,Crypto,null,null
ethereum,0x547a514d5e3769680ce22b2361c10ea13619e8a9,AAVE / USD,Aave,Crypto,Cryptocurrency (USD pairs),5-Nov-20
ethereum,0x553303d460ee0afb37edff9be42922d8ff63220e,UNI / USD,Uniswap,Crypto,Cryptocurrency (USD pairs),24-Nov-20
ethereum,0x56a4857acbcfe3a66965c251628b1c9f1c408c19,MANA / USD,Decentraland,Crypto,Cryptocurrency (USD pairs),null
ethereum,0x57c9ab3e56ee4a83752c181f241120a3dbba06a1,OMG / ETH,Omisego,Crypto,Cryptocurrency (ETH pairs),3-Feb-21
ethereum,0x58921ac140522867bf50b9e009599da0ca4a2379,BADGER / ETH,Badger DAO,Crypto,Cryptocurrency (ETH pairs),31-May-22
ethereum,0x5c00128d4d1c2f4f652c267d7bcdd7ac99c16e16,ENS / USD,Ethereum Name Service,Crypto,null,null
ethereum,0x5c0ab2d9b5a7ed9f470386e82bb36a3613cdd4b5,GBP / USD,Pound Sterling,Forex,Foreign Exchange,11-Dec-19
ethereum,0x5f4ec3df9cbd43714fe2740f5e3616155c5b8419,ETH / USD,Ethereum,Crypto,Cryptocurrency (USD pairs),29-May-19
ethereum,0x605d5c2fbcedb217d7987fc0951b5753069bc360,INR / USD,Indian Rupee,Forex,null,null
ethereum,0x611e0d2709416e002a3f38085e4e1cf77c015921,FARM / ETH,Harvest Finance,Crypto,null,null
ethereum,0x614715d2af89e6ec99a233818275142ce88d1cfd,BUSD / ETH,Binance USD,Crypto,Stablecoins,16-Mar-20
ethereum,0x656c0544ef4c98a6a98491833a89204abb045d6b,KNC / ETH,Kyber Network Crystal,Crypto,Cryptocurrency (ETH pairs),23-Dec-19
ethereum,0x66a47b7206130e6ff64854ef0e1edfa237e65339,BADGER / USD,Badger DAO,Crypto,Cryptocurrency (USD pairs),null
ethereum,0x67c2e69c5272b94af3c90683a9947c39dc605dde,NFLX / USD,Netflix,Equities,null,null
ethereum,0x6af09df7563c363b5763b9102712ebed3b9e859b,LTC / USD,Litecoin,Crypto,Cryptocurrency (USD pairs),21-Aug-20
ethereum,0x6df09e975c830ecae5bd4ed9d90f3a95a4f88012,AAVE / ETH,Aave,Crypto,Cryptocurrency (ETH pairs),19-Oct-20
ethereum,0x6ebc52c8c1089be9eb3945c4350b68b8e4c2233f,FXS / USD,Frax Share,Crypto,Cryptocurrency (USD pairs),24-Mar-21
ethereum,0x72afaecf99c9d9c8215ff44c77b94b99c28741e8,1INCH / ETH,1inch,Crypto,Cryptocurrency (ETH pairs),3-Feb-21
ethereum,0x759bbc1be8f90ee6457c44abc7d443842a976d02,RSR / USD,Reserve Rights,Crypto,Cryptocurrency (USD pairs),28-Sep-21
ethereum,0x75fbd83b4bd51dee765b2a01e8d3aa1b020f9d33,CEL / ETH,Celsius,Crypto,Cryptocurrency (ETH pairs),3-Feb-21
ethereum,0x773616e4d11a78f511299002da57a0a94577f1f4,DAI / ETH,DAI,Crypto,Stablecoins,23-Dec-19
ethereum,0x77f9710e7d0a19669a13c055f62cd80d313df022,AUD / USD,Australian Dollar,Forex,Foreign Exchange,11-Dec-19
ethereum,0x79291a9d692df95334b1a0b3b4ae6bc606782f8c,SNX / ETH,Synthetix Network,Crypto,Cryptocurrency (ETH pairs),6-Jan-20
ethereum,0x7a364e8770418566e3eb2001a96116e6138eb32f,MIM / USD,Magic Internet Money,Crypto,Stablecoins,20-Oct-21
ethereum,0x7b33ebfa52f215a30fad5a71b3fee57a4831f1f0,BIT / USD,BitDAO,Crypto,Cryptocurrency (USD pairs),null
ethereum,0x7bac85a8a13a4bcd8abb3eb7d6b4d632c5a57676,MATIC / USD,Polygon (MATIC),Crypto,Cryptocurrency (USD pairs),15-Dec-20
ethereum,0x7c5d4f8345e66f68099581db340cd65b078c41f4,YFI / ETH,Yearn Finance,Crypto,Cryptocurrency (ETH pairs),5-Aug-20
ethereum,0x7d476f061f8212a8c9317d5784e72b4212436e93,OMG / USD,Omisego,Crypto,Cryptocurrency (USD pairs),19-May-21
ethereum,0x7d77fd73e468baece26852776beaf073cdc55fa0,FORTH / USD,Ampleforth Governance,Crypto,Cryptocurrency (USD pairs),14-Jun-22
ethereum,0x7eed379bf00005cfed29fed4009669de9bcc21ce,ANKR / USD,Ankr,Crypto,Cryptocurrency (USD pairs),2-Apr-21
ethereum,0x7f0d2c2838c6ac24443d13e23d99490017bde370,FEI / ETH,FEI Protocol,Crypto,Stablecoins,27-May-21
ethereum,0x82a44d92d6c329826dc557c5e1be6ebec5d5feb9,MANA / ETH,Decentraland,Crypto,Cryptocurrency (ETH pairs),23-Dec-19
ethereum,0x833d8eb16d306ed1fbb5d7a2e019e106b960965a,BUSD / USD,Binance USD,Crypto,Stablecoins,29-Apr-21
ethereum,0x83441c3a10f4d05de6e0f2e849a850ccf27e6fa7,GLM / USD,Golem,Crypto,null,null
ethereum,0x84a24deca415acc0c395872a9e6a63e27d6225c8,TRIBE / ETH,Tribe,Crypto,Cryptocurrency (ETH pairs),31-May-21
ethereum,0x84e3946c6df27b453315a1b38e4decef23d9f16f,FTT / USD,FTX Token,Crypto,Cryptocurrency (USD pairs),null
ethereum,0x86392dc19c0b719886221c78ab11eb8cf5c52812,STETH / ETH,Lido Staked ETH,Crypto,Cryptocurrency (ETH pairs),null
ethereum,0x86cf33a451de9dc61a2862fd94ff4ad4bd65a5d2,GRT / USD,The Graph,Crypto,null,null
ethereum,0x875d60c44cfbc38baa4eb2ddb76a767deb91b97e,RUNE / ETH,THORChain,Crypto,Cryptocurrency (ETH pairs),8-Feb-21
ethereum,0x8994115d287207144236c13be5e2bdbf6357d9fd,AMZN / USD,Amazon,Equities,null,null
ethereum,0x89c7926c7c15fd5bfdb1edcff7e7fc8283b578f6,ALPHA / ETH,Alpha Finance,Crypto,Cryptocurrency (ETH pairs),18-Mar-21
ethereum,0x8a12be339b0cd1829b91adc01977caa5e9ac121e,CRV / ETH,Curve DAO,Crypto,Cryptocurrency (ETH pairs),1-Oct-20
ethereum,0x8b4fc5b68cd50eac1dd33f695901624a4a1a0a8b,AXS / ETH,Axie Infinity,Crypto,Cryptocurrency (ETH pairs),31-Aug-21
ethereum,0x8c110b94c5f1d347facf5e1e938ab2db60e3c9a8,SPELL / USD,Spell Token,Crypto,Cryptocurrency (USD pairs),20-Oct-21
ethereum,0x8dd1cd88f43af196ae478e91b9f5e4ac69a97c61,SHIB / ETH,Shiba Inu,Crypto,null,null
ethereum,0x8e0b7e6062272b5ef4524250bfff8e5bd3497757,SUSD / ETH,sUSD (Synthetix),Crypto,Stablecoins,23-Dec-19
ethereum,0x8f83670260f8f7708143b836a2a6f11ef0abac01,ANT / ETH,Aragon,Crypto,Cryptocurrency (ETH pairs),9-Nov-20
ethereum,0x8fffffd4afb6115b954bd326cbe7b4ba576818f6,USDC / USD,Circle USD,Crypto,Stablecoins,16-Feb-21
ethereum,0x9613a51ad59ee375e6d8fa12eeef0281f1448739,DODO / USD,Dodo,Crypto,Cryptocurrency (USD pairs),13-Oct-21
ethereum,0x96c45535d235148dc3aba1e48a6e3cfb3510f4e2,IOTX / USD,IoTeX,Crypto,null,null
ethereum,0x96d15851cbac05aee4efd9ea3a3dd9bdeec9fc28,GUSD / ETH,Gemini Dollar,Crypto,Stablecoins,23-Sep-21
ethereum,0x971e8f1b779a5f1c36e1cd7ef44ba1cc2f5eee0f,BRL / USD,Brazilian Real,Forex,Foreign Exchange,13-Apr-21
ethereum,0x986b5e1e1755e3c2440e960477f25201b0a8bbd4,USDC / ETH,Circle USD,Crypto,Stablecoins,23-Dec-19
ethereum,0x9a51192e065ecc6bdeafe5e194ce54702de4f1f5,Consumer Price Index,Personal Consumption Expenditures (PCE) US Monthly Index,Economic index,Indexes,null
ethereum,0x9a72298ae3886221820b1c878d12d872087d3a23,OHMv2 / ETH,Olympus v2,Crypto,Cryptocurrency (ETH pairs),null
ethereum,0x9ae96129ed8fe0c707d6eeba7b90bb1e139e543e,CELO / ETH,Celo,Crypto,null,null
ethereum,0x9b0fc4bb9981e5333689d69bdbf66351b9861e62,OCEAN / ETH,Ocean Protocol,Crypto,Cryptocurrency (ETH pairs),30-Mar-21
ethereum,0x9b97304ea12efed0fad976fbecaad46016bf269e,PAXG / ETH,Pax Gold,Crypto,Cryptocurrency (ETH pairs),6-Dec-20
ethereum,0x9cb2a01a7e64992d32a34db7ceea4c919c391f6a,NMR / ETH,Numeraire,Crypto,Cryptocurrency (ETH pairs),8-Jul-20
ethereum,0x9e37a8ee3bfa8ed6783db031dc458d200b226074,CSPR / USD,Casper Network,Crypto,Cryptocurrency (USD pairs),19-Oct-21
ethereum,0x9f0f69428f923d6c95b781f89e165c9b2df9789d,BCH / USD,Bitcoin Cash,Crypto,Cryptocurrency (USD pairs),21-Aug-20
ethereum,0xa027702dbb89fbd58938e4324ac03b58d812b0e1,YFI / USD,Yearn Finance,Crypto,Cryptocurrency (USD pairs),24-Nov-20
ethereum,0xa175fa75795c6fb2afa48b72d22054ee0deda4ac,Orchid,Orchid bandwidth,Crypto,null,null
ethereum,0xa34317db73e77d453b1b8d04550c44d10e981c8e,CAD / USD,Canadian Dollar,Forex,Foreign Exchange,17-Dec-20
ethereum,0xa554f3a8d05f22ac7e105311211aabaf727e1ccb,UMEE / ETH,Umee,Crypto,Cryptocurrency (ETH pairs),null
ethereum,0xa614953df476577e90dcf4e3428960e221ea4727,GNO / ETH,Gnosis,Crypto,Cryptocurrency (ETH pairs),18-May-21
ethereum,0xa792ebd0e4465db2657c7971519cfa0f0275f428,BTC Difficulty,Bitcoin mining difficulty,Crypto,null,null
ethereum,0xa89f5d2365ce98b3cd68012b6f503ab1416245fc,GUSD / USD,Gemini Dollar,Crypto,Stablecoins,null
ethereum,0xaab2f6b45b28e962b3acd1ee4fc88aeddf557756,YFII / ETH,YFII Finance,Crypto,Cryptocurrency (ETH pairs),8-Feb-21
ethereum,0xac559f25b1619171cbc396a50854a3240b6a4e99,ETH / BTC,Ethereum,Crypto,Cryptocurrency (Other),1-Jan-22
ethereum,0xad35bd71b9afe6e4bdc266b345c198eadef9ad94,sUSD / USD,sUSD (Synthetix),Crypto,Stablecoins,29-Apr-21
ethereum,0xae2ebe3c4d20ce13ce47cbb49b6d7ee631cd816e,INJ / USD,Injective Protocol,Crypto,Cryptocurrency (USD pairs),16-Dec-20
ethereum,0xae48c91df1fe419994ffda27da09d5ac69c30f55,ADA / USD,Cardano,Crypto,Cryptocurrency (USD pairs),21-Aug-20
ethereum,0xaea2808407b7319a31a383b6f8b60f04bca23ce2,ETC / USD,Ethereum Classic,Crypto,Cryptocurrency (USD pairs),21-Aug-20
ethereum,0xaed0c38402a5d19df6e4c03f4e2dced6e29c1ee9,DAI / USD,DAI,Crypto,Stablecoins,9-Apr-20
ethereum,0xb09fc5fd3f11cf9eb5e1c5dba43114e3c9f477b5,TRY / USD,Turkish Lira,Forex,Foreign Exchange,18-Mar-21
ethereum,0xb49f677943bc038e9857d61e7d053caa2c1734c1,EUR / USD,Euro,Forex,Foreign Exchange,11-Dec-19
ethereum,0xb9583cfbdeeacd2705546f392e43f8e03eb92216,OM / USD,Mantra DAO,Crypto,null,null
ethereum,0xb9e1e3a9feff48998e45fa90847ed4d467e8bcfd,FRAX / USD,FRAX,Crypto,Stablecoins,6-Aug-21
ethereum,0xba9b2a360eb8abdb677d6d7f27e12de11aa052ef,ORN / ETH,Orion Protocol,Crypto,Cryptocurrency (ETH pairs),7-Dec-20
ethereum,0xbaebefc1d023c0feccc047bff42e75f15ff213e6,IMX / USD,Immutable X,Crypto,Cryptocurrency (USD pairs),null
ethereum,0xbc535b134ddf81fc83254a3d0ed2c0c60144405e,PLA / USD,Playdapp,Crypto,Cryptocurrency (USD pairs),null
ethereum,0xbce206cae7f0ec07b545edde332a47c2f75bbeb3,JPY / USD,Japanese Yen,Forex,Foreign Exchange,11-Dec-19
ethereum,0xc12a6d1d827e23318266ef16ba6f397f2f91da9b,NEAR / USD,NEAR Protocol,Crypto,Cryptocurrency (USD pairs),15-Jun-21
ethereum,0xc1438aa3823a6ba0c159cfa8d98df5a994ba120b,BAL / ETH,Balancer,Crypto,Cryptocurrency (ETH pairs),9-Nov-20
ethereum,0xc355e4c0b3ff4ed0b49eaacd55fe29b311f42976,ALCX / USD,Alchemix,Crypto,Cryptocurrency (USD pairs),null
ethereum,0xc40ec815a2f8eb9912bd688d3bde6b6d50a37ff2,ARPA / USD,ARPA Chain,Crypto,null,null
ethereum,0xc546d2d06144f9dd42815b8ba46ee7b8fcafa4a2,BNB / ETH,BNB,Crypto,Cryptocurrency (ETH pairs),9-Dec-20
ethereum,0xc7de7f4d4c9c991ff62a07d18b3e31e349833a18,APE / ETH,APECoin,Crypto,null,null
ethereum,0xc929ad75b72593967de83e7f7cda0493458261d9,1INCH / USD,1inch,Crypto,Cryptocurrency (USD pairs),1-Apr-21
ethereum,0xc9cbf687f43176b302f03f5e58470b77d07c61c6,CVX / ETH,Convex Finance,Crypto,Cryptocurrency (ETH pairs),17-May-22
ethereum,0xcc1f5d9e6956447630d703c8e93b2345c2de3d13,Calculated XSUSHI / USD,Calculated xSushi,Crypto,Cryptocurrency (USD pairs),null
ethereum,0xcc445b35b3636bc7cc7051f4769d8982ed0d449a,NMR / USD,Numeraire,Crypto,Cryptocurrency (USD pairs),19-May-21
ethereum,0xcc70f09a6cc17553b2e31954cd36e4a2d89501f7,SUSHI / USD,Sushi,Crypto,Cryptocurrency (USD pairs),27-May-21
ethereum,0xcc72039a141c6e34a779ef93aef5eb4c82a893c7,Nexus wETH Reserves,wETH token,Crypto,null,null
ethereum,0xcca02ffeface21325befd6616cb4ba5fcb047480,FOX / USD,Shapeshift FOX,Crypto,Cryptocurrency (USD pairs),17-Dec-21
ethereum,0xcd627aa160a6fa45eb793d19ef54f5062f20f33f,CRV / USD,Curve DAO,Crypto,Cryptocurrency (USD pairs),1-Apr-21
ethereum,0xcda3708c5c2907fcca52bb3f9d3e4c2028b89319,ONT / USD,Ontology,Crypto,Cryptocurrency (USD pairs),15-Mar-21
ethereum,0xce1051646393087e706288c1b57fd26446657a7f,FB / USD,Meta,Equities,null,null
ethereum,0xced2660c6dd1ffd856a5a82c67f3482d88c50b12,XRP / USD,Ripple,Crypto,Cryptocurrency (USD pairs),21-Aug-20
ethereum,0xcf61d1841b178fe82c8895fe60c2edda08314416,BNT / ETH,Bancor,Crypto,Cryptocurrency (ETH pairs),23-Jul-20
ethereum,0xd10abbc76679a20055e167bb80a24ac851b37056,APE / USD,APECoin,Crypto,Cryptocurrency (USD pairs),20-Apr-22
ethereum,0xd2a593bf7594ace1fad597adb697b5645d5eddb2,DPI / USD,DefiPulse Index,Crypto,null,null
ethereum,0xd6aa3d25116d8da79ea0246c4826eb951872e02e,UNI / ETH,Uniswap,Crypto,Cryptocurrency (ETH pairs),22-Sep-20
ethereum,0xd75aaae4af0c398ca13e2667be57af2cca8b5de6,OXT / USD,Orchid Protocol,Crypto,Cryptocurrency (USD pairs),29-May-20
ethereum,0xd962fc30a72a84ce50161031391756bf2876af5d,CVX / USD,Convex Finance,Crypto,Cryptocurrency (USD pairs),null
ethereum,0xd9bdd9f5ffa7d89c846a5e3231a093ae4b3469d2,FLOW / USD,Flow,Crypto,Cryptocurrency (USD pairs),4-Feb-22
ethereum,0xdaea8386611a157b08829ed4997a8a62b557014c,MLN / ETH,Melon,Crypto,Cryptocurrency (ETH pairs),9-Nov-20
ethereum,0xdbd020caef83efd542f4de03e3cf0c28a4428bd5,COMP / USD,Compound,Crypto,Cryptocurrency (USD pairs),21-Aug-20
ethereum,0xdc3ea94cd0ac27d9a86c180091e7f78c683d3699,SNX / USD,Synthetix Network,Crypto,Cryptocurrency (USD pairs),21-Aug-20
ethereum,0xdc4bdb458c6361093069ca2ad30d74cc152edc75,ATOM / USD,Cosmos,Crypto,null,null
ethereum,0xdc530d9457755926550b59e8eccdae7624181557,LINK / ETH,Chainlink,Crypto,Cryptocurrency (ETH pairs),23-Dec-19
ethereum,0xdd22a54e05410d8d1007c38b5c7a3ed74b855281,BOND / ETH,Barnbridge,Crypto,Cryptocurrency (ETH pairs),18-May-21
ethereum,0xdeb288f737066589598e9214e782fa5a8ed689e8,BTC / ETH,Bitcoin,Crypto,Cryptocurrency (ETH pairs),23-Dec-19
ethereum,0xdf2917806e30300537aeb49a7663062f4d1f2b5f,BAL / USD,Balancer,Crypto,Cryptocurrency (USD pairs),null
ethereum,0xe1329b3f6513912caf589659777b66011aee5880,HT / USD,Huobi Token,Crypto,Cryptocurrency (USD pairs),21-Apr-21
ethereum,0xe20ca8d7546932360e37e9d72c1a47334af57706,AMPL / USD,Ampleforth,Crypto,Cryptocurrency (USD pairs),14-Aug-20
ethereum,0xe25277ff4bbf9081c75ab0eb13b4a13a721f3e13,SGD / USD,Singapore Dollar,Forex,Foreign Exchange,25-Feb-21
ethereum,0xe2f95bc12fe8a3c35684be7586c39fd7c0e5b403,HIGH / USD,Highstreet,Crypto,Cryptocurrency (USD pairs),null
ethereum,0xe572cef69f43c2e488b33924af04bdace19079cf,SUSHI / ETH,Sushi,Crypto,Cryptocurrency (ETH pairs),4-Jan-21
ethereum,0xe5dc0a609ab8bcf15d3f35cfaa1ff40f521173ea,WNXM / ETH,Wrapped NXM,Crypto,Cryptocurrency (ETH pairs),null
ethereum,0xe7015ccb7e5f788b8c1010fc22343473eaac3741,KP3R / ETH,Keep3r v1,Crypto,Cryptocurrency (ETH pairs),3-Feb-21
ethereum,0xeb0adf5c06861d6c07174288ce4d0a8128164003,CAKE / USD,Pancakeswap,Crypto,Cryptocurrency (USD pairs),null
ethereum,0xeb988b77b94c186053282bfcd8b7ed55142d3cab,XCN / USD,Chain,Crypto,Cryptocurrency (USD pairs),13-Jul-22
ethereum,0xec1d1b3b0443256cc3860e24a46f108e699484aa,MKR / USD,Maker,Crypto,Cryptocurrency (USD pairs),18-May-21
ethereum,0xec746ecf986e2927abd291a2a1716c940100f8ba,TUSD / USD,True USD,Crypto,Cryptocurrency (USD pairs),null
ethereum,0xec8761a0a73c34329ca5b1d3dc7ed07f30e836e2,Total Marketcap / USD,Total cryptocurrency market cap,Crypto,Indexes,null
ethereum,0xee9f2375b4bdf6387aa8265dd4fb8f16512a1d46,USDT / ETH,Tether,Crypto,Stablecoins,23-Dec-19
ethereum,0xef8a4af35cd47424672e3c590abd37fbb7a7759a,CNY / USD,Chinese Yuan,Forex,Foreign Exchange,11-Feb-21
ethereum,0xf017fcb346a1885194689ba23eff2fe6fa5c483b,CBETH / ETH,Coinbase Wrapped Staked ETH,Crypto,Cryptocurrency (ETH pairs),1-Dec-22
ethereum,0xf05d9b6c08757eacb1fbec18e36a1b7566a13deb,Calculated XSUSHI / ETH,Calculated xSushi,Crypto,Cryptocurrency (ETH pairs),10-Feb-23
ethereum,0xf0985f7e2cabff22cecc5a71282a89582c382efe,FTT / ETH,FTX Token,Crypto,Cryptocurrency (ETH pairs),3-Feb-21
ethereum,0xf3584f4dd3b467e73c2339efd008665a70a4185c,WTI / USD,WTI Crude,Commodities,Commodities,null
ethereum,0xf4030086522a5beea4988f8ca5b36dbc97bee88c,BTC / USD,Bitcoin,Crypto,Cryptocurrency (USD pairs),10-Dec-19
ethereum,0xf600984cca37cd562e74e3ee514289e3613ce8e4,ILV / ETH,Illuvium,Crypto,Cryptocurrency (ETH pairs),null
ethereum,0xf817b69ea583caff291e287cae00ea329d22765c,UMA / ETH,Uma,Crypto,Cryptocurrency (ETH pairs),11-Nov-20
ethereum,0xf8ff43e991a81e6ec886a3d281a2c6cc19ae70fc,KNC / USD,Kyber Network,Crypto,Cryptocurrency (USD pairs),21-Aug-20
ethereum,0xfa66458cce7dd15d8650015c4fce4d278271618f,XMR / USD,Monero,Crypto,Cryptocurrency (USD pairs),21-Aug-20
ethereum,0xfac81ea9dd29d8e9b212acd6edbeb6de38cb43af,USDK / USD,USDK,Crypto,Stablecoins,30-Oct-20
ethereum,0xfb0cadfea136e9e343cfb55b863a6df8348ab912,DASH / USD,Dash,Crypto,Cryptocurrency (USD pairs),21-Aug-20
ethereum,0xfb0cfd6c19e25db4a08d8a204a387cea48cc138f,SXP / USD,Swipe,Crypto,Cryptocurrency (USD pairs),6-Aug-20
ethereum,0xfdfd9c85ad200c506cf9e21f1fd8dd01932fbb23,WBTC / BTC,Wrapped Bitcoin,Crypto,Cryptocurrency (Other),null
ethereum,0xff3eeb22b5e3de6e705b44749c2559d704923fd7,AVAX / USD,Avalanche,Crypto,Cryptocurrency (USD pairs),15-Jun-21
fantom,0x02e48946849e0bfdd7bea5daa80af77195c7e24c,SPELL / USD,Spell Token,Crypto,Cryptocurrency (USD pairs),19-Oct-21
fantom,0x11ddd3d147e5b83d01cee7070027092397d63658,ETH / USD,Ethereum,Crypto,Cryptocurrency (USD pairs),10-Aug-21
fantom,0x1a8d750240cdf7b671805eec761e622f13781ceb,CVX / USD,Convex,Crypto,Cryptocurrency (USD pairs),31-May-22
fantom,0x221c773d8647bc3034e91a0c47062e26d20d97b4,LINK / USD,Chainlink,Crypto,Cryptocurrency (USD pairs),10-Aug-21
fantom,0x2553f4eeb82d5a26427b8d1106c51499cba5d99c,USDC / USD,Circle USD,Crypto,Stablecoins,10-Aug-21
fantom,0x28de48d3291f31f839274b8d82691c77df1c5ced,MIM / USD,Magic Internet Money,Crypto,Cryptocurrency (USD pairs),19-Oct-21
fantom,0x2eb00cc9db7a7e0a013a49b3f6ac66008d1456f7,SNX / USD,Synthetix Network,Crypto,Cryptocurrency (USD pairs),10-Aug-21
fantom,0x3e68e68ea2c3698400465e3104843597690ae0f7,EUR / USD,Euro,Forex,Foreign Exchange,null
fantom,0x3ffe75e8eda86f48e454e6bfb5f74d95c20744f4,LINK / FTM,Chainlink,Crypto,null,null
fantom,0x4be9c8fb4105380116c03fc2eeb9ea1e1a109d95,CHF / USD,Swiss Franc,Forex,Foreign Exchange,25-Aug-21
fantom,0x4f5cc6a2291c964dec4c7d6a50c0d89492d4d91b,BIFI / USD,Beefy Finance,Crypto,Cryptocurrency (USD pairs),19-Oct-21
fantom,0x6de70f4791c4151e00ad02e969bd900dc961f92a,BNB / USD,BNB,Crypto,Cryptocurrency (USD pairs),10-Aug-21
fantom,0x827863222c9c603960de6ff2c0dd58d457dcc363,MIMATIC / USD,MAI,Crypto,Cryptocurrency (USD pairs),31-May-22
fantom,0x8a84d922ef06c1f13a30ddd1304bef556ffa7552,GMX / USD,GMX,Crypto,Cryptocurrency (USD pairs),null
fantom,0x8e94c22142f4a64b99022ccdd994f4e9ec86e4b4,BTC / USD,Bitcoin,Crypto,Cryptocurrency (USD pairs),10-Aug-21
fantom,0x91d5defaffe2854c7d02f50c80fa1fdc8a721e52,DAI / USD,DAI,Crypto,Stablecoins,10-Aug-21
fantom,0x95d3fff86a754ab81a7c59fcab1468a2076f8c9b,ALPACA / USD,Alpaca Finance,Crypto,Cryptocurrency (USD pairs),31-May-22
fantom,0x9b25ec3d6acff665dfbbfd68b3c1d896e067f0ae,YFI / USD,Yearn Finance,Crypto,null,null
fantom,0x9da678ce7f28aaec8a578a1e414219049509a552,WBTC / USD,Wrapped Bitcoin,Crypto,Cryptocurrency (USD pairs),null
fantom,0xa141d7e3b44594cc65142ae5f2c7844abea66d2b,CRV / USD,Curve DAO,Crypto,Cryptocurrency (USD pairs),null
fantom,0xb94533460db5a1d8baf56240896ebb3491e608f7,Calculated sFTMX / USD,Calculated Stader sFTMX,Crypto,null,null
fantom,0xbac409d670d996ef852056f6d45eca41a8d57fbd,FRAX / USD,FRAX,Crypto,Stablecoins,null
fantom,0xc8c80c17f05930876ba7c1dd50d9186213496376,BOO / USD,Spookyswap,Crypto,Cryptocurrency (USD pairs),31-May-22
fantom,0xccc059a1a17577676c8673952dc02070d29e5a66,SUSHI / USD,Sushi,Crypto,Cryptocurrency (USD pairs),10-Aug-21
fantom,0xcec98f20ccb5c19bb42553d70ebc2515e3b33947,OHM Index,OHM Index,Crypto,null,null
fantom,0xd2ffccfa0934cafda647c5ff8e7918a10103c01c,CREAM / USD,CREAM,Crypto,Cryptocurrency (USD pairs),10-Aug-21
fantom,0xe6ecf7d2361b6459cbb3b4fb065e0ef4b175fe74,AAVE / USD,Aave,Crypto,Cryptocurrency (USD pairs),10-Aug-21
fantom,0xf4766552d15ae4d256ad41b6cf2933482b0680dc,FTM / USD,Fantom,Crypto,Cryptocurrency (USD pairs),10-Aug-21
fantom,0xf64b636c5dfe1d3555a847341cdc449f612307d0,USDT / USD,Tether USD,Crypto,Stablecoins,10-Aug-21
fantom,0xf8f57321c2e3e202394b0c0401fd6392c3e7f465,BUSD / USD,Binance USD,Crypto,Stablecoins,19-Oct-21
gnosis,0x00288135be38b83249f380e9b6b9a04c90ec39ee,WBTC / USD,Wrapped Bitcoin,Crypto,null,null
gnosis,0x0cae8f5c10931f0ce87ed9bbb71391c6e93c2c26,FTT / USD,FTX Token,Crypto,null,null
gnosis,0x14030d5a0c9e63d9606c6f2c8771fc95b34b07e0,YFI / USD,Yearn Finance,Crypto,null,null
gnosis,0x1b723c855f7d2c2785f99486973271355e782d77,BAL / USD,Balancer,Crypto,null,null
gnosis,0x22441d81416430a54336ab28765abd31a792ad37,GNO / USD,Gnosis,Crypto,null,null
gnosis,0x229e486ee0d35b7a9f668d10a1e6029eee6b77e0,STETH / USD,Lido Staked Ether,Crypto,null,null
gnosis,0x26c31ac71010af62e6b486d1132e266d6298857d,USDC / USD,Circle USD,Crypto,null,null
gnosis,0x27d4d36968a2bd1cc3406d99cb1df50561dbf2a4,REN / USD,Ren,Crypto,null,null
gnosis,0x2997eba3d9c2447c36107bb0f082b8c33566b49c,ZIL / USD,Ziliqa,Crypto,null,null
gnosis,0x2afb993c670c01e9da1550c58e8039c1d8b8a317,JPY / USD,Japanese Yen,Forex,null,null
gnosis,0x2b481dc923aa050e009113dca8dcb0dab4b68cdf,AAVE / USD,Aave,Crypto,null,null
gnosis,0x3b681e9bf56efe4b2a14196826230a5843fff758,CREAM / USD,CREAM,Crypto,null,null
gnosis,0x3b84d6e6976d5826500572600eb44f9f1753827b,SNX / USD,Synthetix Network,Crypto,null,null
gnosis,0x3c30c5c415b2410326297f0f65f5cbb32f3aefcc,DOT / USD,Polkadot,Crypto,null,null
gnosis,0x4a5ab0f60d12a4420d36d3ed9a1f77d8c47eb94c,XAU / USD,Gold,Commodities,null,null
gnosis,0x51e4024255d0cbd1f4c79aee6bdb6565df2c5d1b,MKR / USD,Maker,Crypto,null,null
gnosis,0x678df3415fc31947da4324ec63212874be5a82f8,DAI / USD,DAI,Crypto,null,null
gnosis,0x68811d7df835b1c33e6eeae8e7c141ef48d48cc7,USDT / USD,Tether,Crypto,null,null
gnosis,0x6c1d7e76ef7304a40e8456ce883bc56d3dea3f7d,BTC / USD,Bitcoin,Crypto,null,null
gnosis,0x6d42cc26756c34f26becdd9b30a279ce9ea8296e,BNB / USD,BNB,Crypto,null,null
gnosis,0x76e76f7e73f3bd42e3c2b4282b50b36e78130b4a,PERP / USD,Perpetual Protocol,Crypto,null,null
gnosis,0x7969b8018928f3d9faae9ac71744ed2c1486536f,ALPHA / USD,Alpha Finance,Crypto,null,null
gnosis,0x824b4a1a0443609a2add94a700b770fa5be31287,DOGE / USD,Dogecoin,Crypto,null,null
gnosis,0x911e08a32a6b7671a80387f93147ab29063de9a2,AVAX / USD,Avalanche,Crypto,null,null
gnosis,0xa767f745331d267c7751297d982b050c93985627,ETH / USD,Ethereum,Crypto,null,null
gnosis,0xab70bcb260073d036d1660201e9d5405f5829b7a,EUR / USD,Euro,Forex,null,null
gnosis,0xb7b7d008c49295a0ff6eed6df4ad3052fd39d5e6,SOL / USD,Solana,Crypto,null,null
gnosis,0xba95bc8418ebcdf8a690924e1d4ad5292139f2ea,COMP / USD,Compound,Crypto,null,null
gnosis,0xc0a6bf8d5d408b091d022c3c0653d4056d4b9c01,SUSHI / USD,Sushi,Crypto,null,null
gnosis,0xc77b83ac3dd2a761073bd0f281f7b880b2ddde18,CRV / USD,Curve DAO,Crypto,null,null
gnosis,0xd98735d78266c62277bb4dbf3e3bcdd3694782f4,UNI / USD,Uniswap,Crypto,null,null
gnosis,0xe9cea51a7b1b9b32e057ff62762a2066da933cd2,MXN / USD,Mexican Peso,Forex,null,null
gnosis,0xebbd67a84e33791f1bcfde74cdc22a71e332e2f1,GRT / USD,The Graph,Crypto,null,null
gnosis,0xed322a5ac55bae091190dff9066760b86751947b,LINK / USD,Chainlink,Crypto,null,null
gnosis,0xf826e3ff8c0481d2e58db9d301936f94cd4fa916,UMA / USD,UMA,Crypto,null,null
gnosis,0xfb00261af80adb1629d3869e377ae1eec7be659f,CHF / USD,Swiss Franc,Forex,null,null
gnosis,0xfdf9eb5fafc11efa65f6fd144898da39a7920ae8,1INCH / USD,1inch,Crypto,null,null
harmony,0x054347c697e12782f906565e55996836e12da6ac,CRV / USD,Curve,Crypto,Cryptocurrency (USD pairs),null
harmony,0x054347c697e12782f906565e55996836e12da6ac,CRV / USD,Curve,Crypto,Cryptocurrency (USD pairs),null
harmony,0x1039a288189680c9986841efa0688955b07af729,CHF / USD,Swiss Franc,Forex,Foreign Exchange,null
harmony,0x1039a288189680c9986841efa0688955b07af729,CHF / USD,Swiss Franc,Forex,Foreign Exchange,null
harmony,0x1af363c2fcb47dd57133ee400e3c32eed4d37f8f,AUD / USD,Australian Dollar,Forex,Foreign Exchange,null
harmony,0x1af363c2fcb47dd57133ee400e3c32eed4d37f8f,AUD / USD,Australian Dollar,Forex,Foreign Exchange,null
harmony,0x3a65ee7351b603f950cb44ea6c265d6b5289512d,AXS / USD,Axie Infinity,Crypto,Cryptocurrency (USD pairs),null
harmony,0x3a65ee7351b603f950cb44ea6c265d6b5289512d,AXS / USD,Axie Infinity,Crypto,Cryptocurrency (USD pairs),null
harmony,0x3c41439eb1bf3ba3b2c3f8c921088b267f8d11f4,BTC / USD,Bitcoin,Crypto,Cryptocurrency (USD pairs),null
harmony,0x3c41439eb1bf3ba3b2c3f8c921088b267f8d11f4,BTC / USD,Bitcoin,Crypto,Cryptocurrency (USD pairs),null
harmony,0x4399420c25c52259edbeb974fc164e25964560c8,CVX / USD,Convex,Crypto,Cryptocurrency (USD pairs),null
harmony,0x4399420c25c52259edbeb974fc164e25964560c8,CVX / USD,Convex,Crypto,Cryptocurrency (USD pairs),null
harmony,0x4698f8bfb418bad926a4c8012f648870424fc52d,ILV / USD,Illuvium,Crypto,Cryptocurrency (USD pairs),null
harmony,0x4698f8bfb418bad926a4c8012f648870424fc52d,ILV / USD,Illuvium,Crypto,Cryptocurrency (USD pairs),null
harmony,0x5c0a80cba14a7afc825716b3f411cea7d9eb0f03,FRAX / USD,FRAX,Crypto,Stablecoins,null
harmony,0x5c0a80cba14a7afc825716b3f411cea7d9eb0f03,FRAX / USD,FRAX,Crypto,Stablecoins,null
harmony,0x5caaebe5c69a8287bffb9d00b5231bf7254145bf,USDT / USD,Tether USD,Crypto,Stablecoins,null
harmony,0x5caaebe5c69a8287bffb9d00b5231bf7254145bf,USDT / USD,Tether USD,Crypto,Stablecoins,null
harmony,0x639545836d8b177054cefafe6942efe798ce6575,WBTC / USD,Wrapped BTC,Crypto,Cryptocurrency (USD pairs),null
harmony,0x639545836d8b177054cefafe6942efe798ce6575,WBTC / USD,Wrapped BTC,Crypto,Cryptocurrency (USD pairs),null
harmony,0x69348435ee4b3904df1ae528fa0aaf34da1e9184,LINK / ONE,Chainlink,Crypto,Cryptocurrency (Other),null
harmony,0x69348435ee4b3904df1ae528fa0aaf34da1e9184,LINK / ONE,Chainlink,Crypto,Cryptocurrency (Other),null
harmony,0x6b890b13d48f46a8d4b85deabbd7155ee19d89b9,SAND / USD,The Sandbox,Crypto,Cryptocurrency (USD pairs),null
harmony,0x6b890b13d48f46a8d4b85deabbd7155ee19d89b9,SAND / USD,The Sandbox,Crypto,Cryptocurrency (USD pairs),null
harmony,0x6ee1efcce688d5b79cb8a400870af471c5282992,AAVE / USD,Aave,Crypto,Cryptocurrency (USD pairs),null
harmony,0x6ee1efcce688d5b79cb8a400870af471c5282992,AAVE / USD,Aave,Crypto,Cryptocurrency (USD pairs),null
harmony,0x7dfab439b3aee18f6b687c40e5a9e62724e9099a,GBP / USD,Pound Sterling,Forex,Foreign Exchange,null
harmony,0x7dfab439b3aee18f6b687c40e5a9e62724e9099a,GBP / USD,Pound Sterling,Forex,Foreign Exchange,null
harmony,0x8bc1cecd937cdd00e5feaf23b818aa8e30b8442a,EUR / USD,Euro,Forex,Foreign Exchange,null
harmony,0x8bc1cecd937cdd00e5feaf23b818aa8e30b8442a,EUR / USD,Euro,Forex,Foreign Exchange,null
harmony,0xa45a41be2d8419b60a6ce2bc393a0b086b8b3bda,USDC / USD,Circle USD,Crypto,Stablecoins,null
harmony,0xa45a41be2d8419b60a6ce2bc393a0b086b8b3bda,USDC / USD,Circle USD,Crypto,Stablecoins,null
harmony,0xbaf7c8149d586055ed02c286367a41e0ada96b7c,ETH / USD,Ethereum,Crypto,Cryptocurrency (USD pairs),null
harmony,0xbaf7c8149d586055ed02c286367a41e0ada96b7c,ETH / USD,Ethereum,Crypto,Cryptocurrency (USD pairs),null
harmony,0xc056a53c210c72ba98d1062ef95b7a23c96ec552,CAD / USD,Canadian Dollar,Forex,Foreign Exchange,null
harmony,0xc056a53c210c72ba98d1062ef95b7a23c96ec552,CAD / USD,Canadian Dollar,Forex,Foreign Exchange,null
harmony,0xcdbb167e6c2fbc5c84b8eb4acf0995ec3d7cefa1,JPY / USD,Japanese Yen,Forex,Foreign Exchange,null
harmony,0xcdbb167e6c2fbc5c84b8eb4acf0995ec3d7cefa1,JPY / USD,Japanese Yen,Forex,Foreign Exchange,null
harmony,0xd1add3dfac655cb1d2803439661eae5161eea76b,BUSD / USD,BUSD,Crypto,Stablecoins,null
harmony,0xd1add3dfac655cb1d2803439661eae5161eea76b,BUSD / USD,BUSD,Crypto,Stablecoins,null
harmony,0xd54f119d10901b4509610ea259a63169647800c4,LINK / USD,Chainlink,Crypto,Cryptocurrency (USD pairs),null
harmony,0xd54f119d10901b4509610ea259a63169647800c4,LINK / USD,Chainlink,Crypto,Cryptocurrency (USD pairs),null
harmony,0xdcd81fbbd6c4572a69a534d8b8152c562da8abef,ONE / USD,Harmony,Crypto,Cryptocurrency (USD pairs),null
harmony,0xdcd81fbbd6c4572a69a534d8b8152c562da8abef,ONE / USD,Harmony,Crypto,Cryptocurrency (USD pairs),null
harmony,0xf8326d22b2caff4880115e92161c324abc5e0395,DAI / USD,DAI,Crypto,Stablecoins,null
harmony,0xf8326d22b2caff4880115e92161c324abc5e0395,DAI / USD,DAI,Crypto,Stablecoins,null
metis,0x3bbe70e2f96c87aece7f67a2b0178052f62e37fe,ETH / USD,Ethereum,Crypto,Cryptocurrency (USD pairs),null
metis,0x3bbe70e2f96c87aece7f67a2b0178052f62e37fe,ETH / USD,Ethereum,Crypto,Cryptocurrency (USD pairs),null
metis,0x4a4f382a2ff9685de9f0418f1375ce16d0727637,LINK / USD,Chainlink,Crypto,Cryptocurrency (USD pairs),null
metis,0x4a4f382a2ff9685de9f0418f1375ce16d0727637,LINK / USD,Chainlink,Crypto,Cryptocurrency (USD pairs),null
metis,0x51864b8948aa5e35aace2badaf901d63418a3b9d,USDT / USD,Tether,Crypto,Cryptocurrency (USD pairs),null
metis,0x51864b8948aa5e35aace2badaf901d63418a3b9d,USDT / USD,Tether,Crypto,Cryptocurrency (USD pairs),null
metis,0x51ed8fecf96813826f727cabdf01b3cf6a61373e,BTC / USD,Bitcoin,Crypto,Cryptocurrency (USD pairs),null
metis,0x51ed8fecf96813826f727cabdf01b3cf6a61373e,BTC / USD,Bitcoin,Crypto,Cryptocurrency (USD pairs),null
metis,0x54389e89a5ec1d4312d5b5c48055d6e56a177bf9,AAVE / USD,Aave,Crypto,Cryptocurrency (USD pairs),null
metis,0x54389e89a5ec1d4312d5b5c48055d6e56a177bf9,AAVE / USD,Aave,Crypto,Cryptocurrency (USD pairs),null
metis,0x663855969c85f3be415807250414ca9129533a5f,USDC / USD,Circle USD,Crypto,Cryptocurrency (USD pairs),null
metis,0x663855969c85f3be415807250414ca9129533a5f,USDC / USD,Circle USD,Crypto,Cryptocurrency (USD pairs),null
metis,0xd4a5bb03b5d66d9bf81507379302ac2c2dfdfa6d,METIS / USD,Metis,Crypto,Cryptocurrency (USD pairs),null
metis,0xd4a5bb03b5d66d9bf81507379302ac2c2dfdfa6d,METIS / USD,Metis,Crypto,Cryptocurrency (USD pairs),null
metis,0xe0351caae70b5adbd0107cd5331ad1d79c4c1ca1,DAI / USD,DAI,Crypto,null,null
moonriver,0x03d44d68edf41c540a90c6eb2be27c4a75ee689f,CRV / USD,Curve,Crypto,Cryptocurrency (USD pairs),null
moonriver,0x05ec3fb5b7cb3be9d7150fba1fb0749407e5aa8a,UNI / USD,Uniswap,Crypto,Cryptocurrency (USD pairs),null
moonriver,0x12870664a77dd55bbdcde32f91eb3244f511ef2e,USDC / USD,Circle USD,Crypto,Stablecoins,null
moonriver,0x1466b4bd0c4b6b8e1164991909961e0ee6a66d8c,1INCH / USD,1inch,Crypto,Cryptocurrency (USD pairs),null
moonriver,0x1b5c6cf9df1cbf30387c24cc7db1787ccf65c797,BTC / USD,Bitcoin,Crypto,Cryptocurrency (USD pairs),null
moonriver,0x26e3f9273abc8a01228be97a106e60fa38b98df2,SNX / USD,Synthetix,Crypto,Cryptocurrency (USD pairs),null
moonriver,0x28a9e2747a10ee94d2d7359deb60023d19ffdd96,SUSHI / USD,Sushi,Crypto,Cryptocurrency (USD pairs),null
moonriver,0x29710821d57a1fc46e2d9fdde65df2cf205bad2a,COMP / USD,Compound,Crypto,Cryptocurrency (USD pairs),null
moonriver,0x37f35ef6735c594e6e803bc81577bac759d8179c,AAVE / USD,Aave,Crypto,Other,null
moonriver,0x3c6d9c2efc1d576c70b4c516476cd6c58cf22f9c,XAU / USD,Spot Gold,Commodities,Commodities,null
moonriver,0x3f8bfbdc1e79777511c00ad8591cef888c2113c1,MOVR / USD,Moonriver,Crypto,Cryptocurrency (USD pairs),null
moonriver,0x3fd363679fb59596d45881bbfbe4bb864f3545a2,XRP / USD,Ripple,Crypto,Cryptocurrency (USD pairs),null
moonriver,0x424807fa7b16f747cbd30963fae25fb8db0b97bf,MANA / USD,Decentraland,Crypto,Cryptocurrency (USD pairs),null
moonriver,0x5403385df6eb607fc1fa6983ef5801a11ec7fd9a,SAND / USD,The Sandbox,Crypto,Cryptocurrency (USD pairs),null
moonriver,0x54b584eb643375c41c55ddd8da4b90124b18d05c,DOT / USD,Polkadot,Crypto,Cryptocurrency (USD pairs),null
moonriver,0x596129f6abcab2e6e81d19284b78ea73c176d170,BUSD / USD,Binance USD,Crypto,Stablecoins,null
moonriver,0x5e70fc5f38cb930f9be8beaeaf80cf927af3b17e,FTM / USD,Fantom,Crypto,Cryptocurrency (USD pairs),null
moonriver,0x62e9a7e34dcaccc0c3e720aedf62afe9065b03eb,XAG / USD,Spot Silver,Commodities,Commodities,null
moonriver,0x6e0513145fce707cd743528db7c1cab537de9d1b,KSM / USD,Kusama,Crypto,Cryptocurrency (USD pairs),null
moonriver,0x7ba0e3ebce25dd3b5a0f36dd7ab34019b863b08d,DAI / USD,DAI,Crypto,Stablecoins,null
moonriver,0x9322cead48ba0c76fecc78e82499ce8a829eab89,AXS / USD,Axie Infinity,Crypto,Cryptocurrency (USD pairs),null
moonriver,0x94ee35e8b9b1b4cd3bdb720242d6d1796b43c2ff,ANKR / USD,Ankr,Crypto,Cryptocurrency (USD pairs),null
moonriver,0x992f9b8aa09b8e084acf4e3213d8b2da5d366d6a,AVAX / USD,Avalanche,Crypto,Cryptocurrency (USD pairs),null
moonriver,0xa0784167e040906b5580e3c4a53932b288f615ce,THETA / USD,Theta Network,Crypto,Cryptocurrency (USD pairs),null
moonriver,0xc3cf399566220dc5ed6c8cfbf8247214af103c72,ETH / USD,Ethereum,Crypto,Cryptocurrency (USD pairs),null
moonriver,0xc44ecd8c11fd1f281a3d6044ca65e649484b228c,CAKE / USD,Pancakeswap,Crypto,Cryptocurrency (USD pairs),null
moonriver,0xd080d4760318710e795b0a59f181f6c1512ffb15,FRAX / USD,FRAX,Crypto,Stablecoins,null
moonriver,0xd6b013a65c22c372f995864ccdae202d0194f9bf,BNB / USD,BNB,Crypto,Cryptocurrency (USD pairs),null
moonriver,0xd8542f327fad60b80d8c19025147e6b9d857bb99,MKR / USD,Maker,Crypto,Cryptocurrency (USD pairs),null
moonriver,0xdd27789b504fed690f406a82f16b45a0901172c0,LINK / USD,Chainlink,Crypto,Cryptocurrency (USD pairs),null
moonriver,0xdd6296bd7515271f7e4b10c3a87a2f9863feca97,MIM / USD,Magic Internet Money,Crypto,Stablecoins,null
moonriver,0xe3324ea60fa272bbb4511ddbd4776fefe4674fa0,YFI / USD,Yearn Finance,Crypto,Cryptocurrency (USD pairs),null
moonriver,0xe5b624e1098c25c94279ba20a0cc68fa9215e63b,FXS / USD,Frax Share,Crypto,Cryptocurrency (USD pairs),null
moonriver,0xe6ccbe1cb33df799a59e37a1382c7009dbabe9ff,EUR / USD,Euro,Forex,Foreign Exchange,null
moonriver,0xeebbe35b5f397d5bb26fd10d375b01d0f4a791a3,WBTC / USD,Wrapped Bitcoin,Crypto,Cryptocurrency (USD pairs),null
moonriver,0xf80dad54af79257d41c30014160349896ca5370a,USDT / USD,Tether USD,Crypto,Stablecoins,null
optimism,0x0d276fc14719f9292d5c1ea2198673d1f4269246,OP / USD,Optimism,Crypto,Cryptocurrency (USD pairs),15-Jul-22
optimism,0x0ded608afc23724f614b76955bbd9dfe7dddc828,MATIC / USD,Polygon,Crypto,null,null
optimism,0x11429ee838cc01071402f21c219870cbac0a59a0,UNI / USD,Uniswap,Crypto,Cryptocurrency (USD pairs),null
optimism,0x13e3ee699d1909e989722e753853ae30b17e08c5,ETH / USD,Ethereum,Crypto,Cryptocurrency (USD pairs),null
optimism,0x1520874fc216f5f07e03607303df2fda6c3fc203,ZIL / USD,Zilliqa,Crypto,Cryptocurrency (USD pairs),11-May-22
optimism,0x15772f61e4cdc81c7c1c6c454724ce9c7065a6ff,Total Marketcap USD,Total currency market cap,Currency,null,null
optimism,0x16a9fa2fda030272ce99b29cf780dfa30361e0f3,USDC / USD,Circle,Crypto,Stablecoins,null
optimism,0x26fce884555fae5f0e4701cc976fe8d8bb111a38,IMX / USD,Immutable X,Crypto,Cryptocurrency (USD pairs),11-May-22
optimism,0x290dd71254874f0d4356443607cb8234958dee49,XAG / USD,Silver,Commodities,Commodities,11-May-22
optimism,0x2a8d91686a048e98e6ccf1a89e82f40d14312672,XMR / USD,Monero,Crypto,Cryptocurrency (USD pairs),2-Sep-22
optimism,0x2fcf37343e916eaed1f1ddaaf84458a359b53877,SNX / USD,Synthetix Network,Crypto,Cryptocurrency (USD pairs),null
optimism,0x2ff1eb7d0cec35959f0248e9354c3248c6683d9b,FLOW / USD,Flow,Crypto,Cryptocurrency (USD pairs),11-May-22
optimism,0x30d9d31c1ac29bc2c2c312c1bca9f8b3d60e2376,BAL / USD,Balancer,Crypto,null,null
optimism,0x338ed6787f463394d24813b297401b9f05a8c9d1,AAVE / USD,Aave,Crypto,Cryptocurrency (USD pairs),null
optimism,0x3626369857a10ccc6cc3a6e4f5c2f5984a519f20,EUR / USD,Euro,Forex,Foreign Exchange,null
optimism,0x372cc5e685115a56f14fa7e4716f1294e04c278a,RUNE / USD,THORChain,Crypto,Cryptocurrency (USD pairs),11-May-22
optimism,0x39be70e93d2d285c9e71be7f70fc5a45a7777b14,AUD / USD,Australian Dollar,Forex,Foreign Exchange,null
optimism,0x41878779a388585509657ce5fb95a80050502186,STETH / USD,Lido Staked Ether,Crypto,Cryptocurrency (USD pairs),11-May-22
optimism,0x464a1515adc20de946f8d0deb99cead8ceae310d,LINK / ETH,Chainlink,Crypto,Cryptocurrency (ETH pairs),11-May-22
optimism,0x5087dc69fd3907a016bd42b38022f7f024140727,AVAX / USD,Avalanche,Crypto,null,null
optimism,0x536944c3a71feb7c1e5c66ee37d1a148d8d8f619,JPY / USD,Japanese Yen,Forex,Foreign Exchange,null
optimism,0x540d48c01f946e729174517e013ad0bdae5f08c0,GBP / USD,Pound Sterling,Forex,Foreign Exchange,21-Nov-22
optimism,0x5535e67d8f99c8ebe961e1fc1f6ddae96fec82c9,INR / USD,Indian Rupee,Forex,Foreign Exchange,11-May-22
optimism,0x698b585cbc4407e2d54aa898b2600b53c68958f7,WSTETH / USD,Lido wstETH,Crypto,Cryptocurrency (USD pairs),null
optimism,0x6fd5e4a193459fc7dfcfc674357a123f655f6ef8,CAD / USD,Canadian Dollar,Forex,Cryptocurrency (USD pairs),15-Nov-22
optimism,0x718a5788b89454aae3a028ae9c111a29be6c2a6f,WBTC / USD,Wrapped Bitcoin,Crypto,Cryptocurrency (USD pairs),null
optimism,0x776003ecdf644f87a95b05da549b5e646d5f2ae4,WAVES / USD,WAVES,Crypto,Cryptocurrency (USD pairs),11-May-22
optimism,0x7cfb4fac1a2fdb1267f8bc17fadc12804ac13cfe,ONE / USD,Harmony,Crypto,Cryptocurrency (USD pairs),null
optimism,0x7f99817d87bad03ea21e05112ca799d715730efe,SUSD / USD,SUSD,Crypto,Cryptocurrency (USD pairs),11-May-22
optimism,0x805a61d54bb686e57f02d1ec96a1491c7af40893,AXS / USD,Axie Infinity,Crypto,Cryptocurrency (USD pairs),11-May-22
optimism,0x89178957e9bd07934d7792ffc0cf39f11c8c2b1f,APE / USD,APECoin,Crypto,Cryptocurrency (USD pairs),11-May-22
optimism,0x8dba75e83da73cc766a7e5a0ee71f656bab470d6,DAI / USD,DAI,Crypto,Stablecoins,null
optimism,0x8f7bfb42bf7421c2b34aad619be4654bfa7b3b8b,XAU / USD,Gold,Commodities,Commodities,11-May-22
optimism,0x8fcfb87fc17cfd5775d234acfd1753764899bf20,BOND / USD,BarnBridge,Crypto,null,null
optimism,0x9dfc79aaeb5bb0f96c6e9402671981cdfc424052,LUSD / USD,Liquity USD,Crypto,null,null
optimism,0xa12cddd8e986af9288ab31e58c60e65f2987fb13,PERP / USD,Perpetual Protocol,Crypto,Cryptocurrency (USD pairs),15-Jul-22
optimism,0xae33e077a02071e62d342e449afd9895b016d541,SAND / USD,The Sandbox,Crypto,null,null
optimism,0xb9b16330671067b1b062b9ac2efd2db75f03436e,FXS / USD,Frax Share,Crypto,Cryptocurrency (USD pairs),11-May-22
optimism,0xbd92c6c284271c227a1e0bf1786f468b539f51d9,CRV / USD,Curve,Crypto,Cryptocurrency (USD pairs),null
optimism,0xc19d58652d6bfc6db6fb3691eda6aa7f3379e4e9,FTM / USD,Fantom,Crypto,Cryptocurrency (USD pairs),11-May-22
optimism,0xc1cb3b7cbb3e786ab85ea28489f332f4faed5bc4,BUSD / USD,Binance USD,Crypto,Stablecoins,null
optimism,0xc6066533917f034cf610c08e1fe5e9c7eade0f54,DOGE / USD,Dogecoin,Crypto,Cryptocurrency (USD pairs),2-Sep-22
optimism,0xc663315f7af904fbbb0f785c32046dfa03e85270,SOL / USD,Solana,Crypto,Cryptocurrency (USD pairs),null
optimism,0xc7d132becabe7dcc4204841f33bae45841e41d9c,FRAX / USD,Frax,Crypto,Stablecoins,11-May-22
optimism,0xca6fa4b8cb365c02cd3ba70544efffe78f63ac82,NEAR / USD,Near,Crypto,null,null
optimism,0xcb24d22af35986ac1feb8874adbbdf68f6dc2e96,KNC / USD,Kyber Network Crystal,Crypto,Cryptocurrency (USD pairs),3-Aug-22
optimism,0xcc232dcfaae6354ce191bd574108c1ad03f86450,LINK / USD,Chainlink,Crypto,Cryptocurrency (USD pairs),null
optimism,0xd38579f7cbd14c22cf1997575ea8ef7bfe62ca2c,BNB / USD,BNB,Crypto,Cryptocurrency (USD pairs),11-May-22
optimism,0xd682c5f1a8eaa2389d6f8fa43067956c2386a557,LOOKS / USD,LooksRare,Crypto,Cryptocurrency (USD pairs),11-May-22
optimism,0xd702dd976fb76fffc2d3963d037dfdae5b04e593,BTC / USD,Bitcoin,Crypto,Cryptocurrency (USD pairs),null
optimism,0xe59eba0d492ca53c6f46015eea00517f2707dc77,wstETH-stETH Exchange Rate,wsteth,Crypto,Cryptocurrency (ETH pairs),11-May-22
optimism,0xecef79e109e997bca29c1c0897ec9d7b03647f5e,USDT / USD,Tether,Crypto,Stablecoins,null
optimism,0xee35a95c9a064491531493d8b380bc40a4ccd0da,DYDX / USD,dYdX,Crypto,null,null
optimism,0xef89db2ea46b4ad4e333466b6a486b809e613f39,ATOM / USD,Cosmos,Crypto,null,null
polygon,0x00dbeb1e45485d53df7c2f0df1aa0b6dc30311d3,FRAX / USD,FRAX,Crypto,null,null
polygon,0x03bc6d9efed65708d35fdaefb25e87631a0a3437,ALGO / USD,Algorand,Crypto,Cryptocurrency (USD pairs),8-Jul-21
polygon,0x03cd157746c61f44597dd54c6f6702105258c722,BAL / ETH,Balancer,Crypto,null,null
polygon,0x04bb437aa63e098236fa47365f0268547f6eab32,CNY / USD,Chinese Yuan,Forex,Foreign Exchange,null
polygon,0x062df9c4efd2030e243ffcc398b652e8b8f95c6f,AUD / USD,Australian Dollar,Forex,Foreign Exchange,8-Jul-21
polygon,0x099a2540848573e94fb1ca0fa420b00acbbc845a,GBP / USD,Pound Sterling,Forex,Foreign Exchange,8-Jul-21
polygon,0x0a6513e40db6eb1b165753ad52e80663aea50545,USDT / USD,Tether USD,Crypto,Stablecoins,27-Oct-20
polygon,0x0c466540b2ee1a31b441671eac0ca886e051e410,XAU / USD,Gold,Commodities,Commodities,8-Jul-21
polygon,0x0f1d5bd7be9b30fc09e110cd6504bd450e53cb0e,STORJ / USD,Storj,Crypto,Cryptocurrency (USD pairs),8-Sep-22
polygon,0x0f6914d8e7e1214cdb3a4c6fbf729b75c69df608,PAXG / USD,Pax Gold,Crypto,Cryptocurrency (USD pairs),8-Jul-21
polygon,0x10c8264c0935b3b9870013e057f330ff3e9c56dc,SOL / USD,Solana,Crypto,Cryptocurrency (USD pairs),25-Aug-21
polygon,0x10e5f3dfc81b3e5ef4e648c4454d04e79e1e41e2,KNC / USD,Kyber Network,Crypto,Cryptocurrency (USD pairs),8-Jul-21
polygon,0x10f964234cae09cb6a9854b56ff7d4f38cda5e6a,WSTETH / ETH,wsteth,Crypto,null,null
polygon,0x162d8c5bf15eb6bee003a1ffc4049c92114bc931,UNI / ETH,Uniswap,Crypto,Cryptocurrency (ETH pairs),21-Jun-21
polygon,0x171b16562ea3476f5c61d1b8dad031dba0768545,MXN / USD,Mexican Peso,Forex,null,null
polygon,0x17414eb5159a082e8d41d243c1601c2944401431,SUSHI / ETH,Sushi,Crypto,null,null
polygon,0x18617d05ee1692ad7eafee9839459da16097afd8,FIS / USD,Stafi,Crypto,null,null
polygon,0x187c42f6c0e7395aea00b1b30cb0ff807ef86d5d,SPY US,SPDR S&P 500 ETF Trust,Equities,null,null
polygon,0x18e4058491c3f58bc2f747a9e64ca256ed6b318d,BTC-USD Total Marketcap,Bitcoin Market Cap,Crypto,null,null
polygon,0x19b0f0833c78c0848109e3842d34d2fdf2ca69ba,BTC / ETH,Bitcoin,Crypto,null,null
polygon,0x1b32682c033b2dd7efdc615fa82d353e254f39b5,GOOGL / USD,Alphabet,Equities,null,null
polygon,0x1cf68c76803c9a415be301f50e82e44c64b7f1d4,CRV / ETH,Curve DAO,Crypto,Cryptocurrency (ETH pairs),21-Jun-21
polygon,0x213b030e24c906ee3b98ec7538cc6d3d3c82af55,ANT / USD,Aragon,Crypto,Cryptocurrency (USD pairs),8-Sep-22
polygon,0x218231089bebb2a31970c3b77e96ecfb3ba006d1,PHP / USD,Philippines Peso,Forex,null,null
polygon,0x2346ce62bd732c62618944e51cbfa09d985d86d2,BAT / USD,Basic Attention Token,Crypto,Cryptocurrency (USD pairs),8-Jul-21
polygon,0x2409987e514ad8b0973c2b90ee1d95051df0ecb9,CHZ / USD,Chiliz,Crypto,null,null
polygon,0x24b820870f726da9b0d83b0b28a93885061dbf50,KRW / USD,Korean Won,Forex,Foreign Exchange,null
polygon,0x24c0e0fc8ccb21e2fb3e1a8a4ec4b29458664f79,PLA / USD,Playdapp,Crypto,null,null
polygon,0x289833f252eab98582d62db94bd75ab48ad9cf0d,ALPHA / USD,Alpha Finance,Crypto,null,null
polygon,0x2a8758b7257102461bc958279054e372c2b1bde6,COMP / USD,Compound,Crypto,Cryptocurrency (USD pairs),8-Jul-21
polygon,0x2ac3f3bfac8fc9094bc3f0f9041a51375235b992,APE / USD,APE Coin,Crypto,Cryptocurrency (USD pairs),null
polygon,0x307ccf7cbd17b69a487b9c3dbe483931cf3e1833,TRX / USD,Tron,Crypto,Cryptocurrency (USD pairs),8-Jul-21
polygon,0x327d9822e9932996f55b39f557aec838313da8b7,BCH / USD,Bitcoin Cash,Crypto,Cryptocurrency (USD pairs),8-Jul-21
polygon,0x327e23a4855b6f663a28c5161541d69af8973302,MATIC / ETH,Polygon (MATIC),Crypto,Cryptocurrency (ETH pairs),15-Mar-21
polygon,0x336584c8e6dc19637a5b36206b1c79923111b405,CRV / USD,Curve DAO,Crypto,null,null
polygon,0x33d9b1baadcf4b26ab6f8e83e9cb8a611b2b3956,UMA / USD,UMA,Crypto,Cryptocurrency (USD pairs),8-Jul-21
polygon,0x3710abeb1a0fc7c2ec59c26c8daa7a448ff6125a,SHIB / USD,Shiba Inu,Crypto,null,null
polygon,0x38611b09f8f2d520c14ea973765c225bf57b9eac,THETA / USD,Theta Token,Crypto,Cryptocurrency (USD pairs),17-Aug-21
polygon,0x3cd95ab66d27736d09994c0555ef488e496a81b2,DFI / USD,DeFiChain,Crypto,null,null
polygon,0x3d49406edd4d52fb7ffd25485f32e073b529c924,SAND / USD,The Sandbox,Crypto,Cryptocurrency (USD pairs),18-May-21
polygon,0x3fabbfb300b1e2d7c9b84512fe9d30aedf24c410,GRT / USD,The Graph,Crypto,null,null
polygon,0x3fd911749fce21a38704b76ffabcb6bef2567f2e,AED / USD,Emirati Dirham,Forex,null,null
polygon,0x4205ec5fd179a843caa7b0860a8ec7d980013359,DGB / USD,Digibyte,Crypto,null,null
polygon,0x440a341bbc9fa86aa60a195e2409a547e48d4c0c,ENJ / USD,Enjin Coin,Crypto,null,null
polygon,0x443c5116cdf663eb387e72c688d276e702135c87,1INCH / USD,1inch,Crypto,Cryptocurrency (USD pairs),14-Sep-21
polygon,0x461c7b8d370a240ddb46b402748381c3210136b3,XAG / USD,Silver,Commodities,null,null
polygon,0x4746dec9e833a82ec7c2c1356372ccf2cfcd2f3d,DAI / USD,DAI,Crypto,Stablecoins,27-Oct-20
polygon,0x49b0c695039243bbfeb8ecd054eb70061fd54aa0,SUSHI / USD,Sushi,Crypto,Cryptocurrency (USD pairs),12-May-21
polygon,0x4ce90f28c6357a7d3f47d680723d18af3684cd00,OHMv2 / USD,Olympus v2,Crypto,null,null
polygon,0x5164ad28fb12a5e55946090ec3ee1b748afb3785,THB / USD,Thai Baht,Forex,null,null
polygon,0x567e67f456c7453c583b6efa6f18452cdee1f5a8,TSLA / USD,Tesla,Equities,null,null
polygon,0x5787befdc0ecd210dfa948264631cd53e68f7802,LINK / MATIC,Chainlink,Crypto,null,null
polygon,0x58326c0f831b2dbf7234a4204f28bba79aa06d5f,FTM / USD,Fantom,Crypto,Cryptocurrency (USD pairs),null
polygon,0x58527c2dcc755297bb81f9334b80b2b6032d8524,BOND / USD,Barnbridge,Crypto,Cryptocurrency (USD pairs),19-May-21
polygon,0x59161117086a4c7a9beda16c66e40bdaa1c5a8b6,DODO / USD,Dodo,Crypto,null,null
polygon,0x5b4586c911144a947d7814fd71fe0872b8334748,FB / USD,Meta,Equities,null,null
polygon,0x5d37e4b374e6907de8fc7fb33ee3b0af403c7403,Calculated MaticX / USD,Stader MaticX,Crypto,null,null
polygon,0x5db6e61b6159b20f068dc15a47df2e5931b14f29,ALCX / USD,Alchemix,Crypto,Cryptocurrency (USD pairs),17-Aug-21
polygon,0x5ec151834040b4d453a1ea46aa634c1773b36084,CVX / USD,Convex,Crypto,null,null
polygon,0x666bb13b3ed3816504e8c30d0f9b9c16b371774b,NEXO / USD,Nexo,Crypto,null,null
polygon,0x67935f65d1577ced9f4929d3679a157e95c1c02c,ETH-USD Total Marketcap,Ether,Crypto,null,null
polygon,0x691e26ab58ff05800e028b0876a41b720b26fc65,XTZ / USD,Tezos,Crypto,null,null
polygon,0x692ae5510ca9070095a496dbcfbcda99d4024cd9,XLM / USD,Stellar,Crypto,Cryptocurrency (USD pairs),8-Jul-21
polygon,0x6a99ec84819fb7007dd5d032068742604e755c56,WOO / USD,Woo Network,Crypto,Cryptocurrency (USD pairs),null
polygon,0x6c0fe985d3cacbcde428b84fc9431792694d0f51,FXS / USD,Frax Share,Crypto,Cryptocurrency (USD pairs),2-Jun-21
polygon,0x6ea4d89474d9410939d429b786208c74853a5b47,ZRX / USD,0x,Crypto,Cryptocurrency (USD pairs),8-Jul-21
polygon,0x6f8f9e75c0285aece30adfe1bcc1955f145d971a,HT / USD,Huobi Token,Crypto,null,null
polygon,0x72484b12719e23115761d5da1646945632979bb6,AAVE / USD,Aave,Crypto,Cryptocurrency (ETH pairs),8-Jul-21
polygon,0x73366fe0aa0ded304479862808e02506fe556a98,EUR / USD,Euro,Forex,Foreign Exchange,13-Jul-21
polygon,0x74b3587a23ee786a43c8529c2e98d3c05a8fb1fb,NEO / USD,Neo,Crypto,Cryptocurrency (USD pairs),8-Jul-21
polygon,0x785ba89291f676b5386652eb12b30cf361020694,XRP / USD,Ripple,Crypto,Cryptocurrency (USD pairs),8-Jul-21
polygon,0x7899dd75c329efe63e35b02bc7d60d3739fb23c5,KAVA / USD,Kava,Crypto,Cryptocurrency (USD pairs),null
polygon,0x7c5d415b64312d38c56b54358449d0a4058339d2,TUSD / USD,True USD,Crypto,Stablecoins,8-Jul-21
polygon,0x7d620d05c317a426903596432a5ca83375dc8d2a,MIOTA / USD,IOTA (MIOTA),Crypto,Cryptocurrency (USD pairs),8-Jul-21
polygon,0x7e7b45b08f68ec69a99aab12e42fccb078e10094,AAPL / USD,Apple,Equities,null,null
polygon,0x7f45273fd7c644714825345670414ea649b50b16,RAI / USD,RAI Reflex Index,Crypto,null,null
polygon,0x807b59d12520830d1864286fa0271c27baa94197,MKR / ETH,Maker,Crypto,Cryptocurrency (ETH pairs),21-Jun-21
polygon,0x817a7d43f0277ca480ae03ec76fc63a2ec7114ba,FTT / USD,FTX Token,Crypto,null,null
polygon,0x82a6c4af830caa6c97bb504425f6a66165c2c26e,BNB / USD,BNB,Crypto,Cryptocurrency (USD pairs),8-Jul-21
polygon,0x82c9d4e88862f194c2bd874a106a90ddd0d35aab,BADGER / ETH,Badger DAO,Crypto,null,null
polygon,0x82d43b72573f902f960126a19581bcbba5b014f5,HKD / USD,Hong Kong Dollar,Forex,Foreign Exchange,8-Jul-21
polygon,0x836a579b39d22b2147c1c229920d27880c915578,QUICK / ETH,Quickswap,Crypto,Cryptocurrency (ETH pairs),31-Aug-21
polygon,0x84227a76a04289473057bef706646199d7c58c34,ICP / USD,Internet Computer Protocol,Crypto,Cryptocurrency (USD pairs),25-Aug-21
polygon,0x86f87cb74238a6f24606534a2fcc05469eb2bcf5,KLAY / USD,Klaytn,Crypto,null,null
polygon,0x8803dd6705f0d38e79790b02a2c43594a0538d22,BSV / USD,Bitcoin SV,Crypto,Cryptocurrency (USD pairs),8-Jul-21
polygon,0x882554df528115a743c4537828da8d5b58e52544,ADA / USD,Cardano,Crypto,Cryptocurrency (USD pairs),8-Jun-21
polygon,0x8ce3cac0e6635ce04783709ca3cc4f5fc5304299,SGD / USD,Singapore Dollar,Forex,Cryptocurrency (USD pairs),13-Jul-21
polygon,0x8d5eb34c509261533235b91350d359edcb969d33,ILS / USD,Israeli Shekel,Forex,null,null
polygon,0x8ec0ec2e0f26d8253abf39db4b1793d76b49c6d5,OGN / USD,Origin Protocol,Crypto,Cryptocurrency (USD pairs),8-Sep-22
polygon,0x93ffee768f74208a7b9f2a4426f0f6bcbb1d09de,OMG / USD,Omisego,Crypto,Cryptocurrency (USD pairs),8-Jul-21
polygon,0x97371df4492605486e23da797fa68e55fc38a13f,Calculated stMATIC / USD,Lido Staked Matic,Crypto,null,null
polygon,0x9896a1ea7a00f5f32ab131ebbee07487b0af31d0,YFI / ETH,Yearn Finance,Crypto,Cryptocurrency (ETH pairs),21-Jun-21
polygon,0x9b88d07b2354ef5f4579690356818e07371c7bed,AGEUR / USD,Angle Protocol,Crypto,Cryptocurrency (USD pairs),null
polygon,0x9c371ae34509590e10ab98205d2df5936a1ad875,AXS / USD,Axie Infinity,Crypto,null,null
polygon,0x9d3a43c111e7b2c6601705d9fcf7a70c95b1dc55,YFI / USD,Yearn Finance,Crypto,Cryptocurrency (USD pairs),11-Aug-22
polygon,0xa058689f4bca95208bba3f265674ae95ded75b6d,QUICK / USD,Quickswap,Crypto,Cryptocurrency (USD pairs),31-Aug-21
polygon,0xa070427bf5ba5709f70e98b94cb2f435a242c46c,MKR / USD,Maker,Crypto,Cryptocurrency (USD pairs),25-Aug-21
polygon,0xa07703e5c2ed1516107c7c72a494493dcb99c676,FIL / USD,Filecoin,Crypto,Cryptocurrency (USD pairs),null
polygon,0xa1cbf3fe43bc3501e3fc4b573e822c70e76a7512,MANA / USD,Decentraland,Crypto,Cryptocurrency (USD pairs),8-Jul-21
polygon,0xa302a0b8a499fd0f00449df0a490dede21105955,NZD / USD,New Zealand Dollar,Forex,null,null
polygon,0xa338e0492b2f944e9f8c0653d3ad1484f2657a37,WBTC / ETH,Wrapped Bitcoin,Crypto,Cryptocurrency (ETH pairs),17-Mar-21
polygon,0xab594600376ec9fd91f8e885dadf0ce036862de0,MATIC / USD,Polygon (MATIC),Crypto,Cryptocurrency (USD pairs),27-Oct-20
polygon,0xaca44abb8b04d07d883202f99fa5e3c53ed57fb5,CAD / USD,Canadian Dollar,Forex,Foreign Exchange,8-Jul-21
polygon,0xacb51f1a83922632ca02b25a8164c10748001bde,DOT / USD,Polkadot,Crypto,Cryptocurrency (USD pairs),17-Mar-21
polygon,0xb34bce11040702f71c11529d00179b2959bce6c0,PLN / USD,Polish Zloty,Forex,Foreign Exchange,null
polygon,0xb527769842f997d56dd1ff73c34192141b69077e,Crypto Volatility Index,Crypto Volatility Index,Crypto,null,null
polygon,0xb77fa460604b9c6435a235d057f7d319ac83cb53,LINK / ETH,Chainlink,Crypto,Cryptocurrency (ETH pairs),15-Mar-21
polygon,0xb89d583b72abf9c3a7e6e093251c2fcad3365312,MLN / ETH,Melon,Crypto,null,null
polygon,0xb90da3ff54c3ed09115abf6fba0ff4645586af2c,BRL / USD,Brazilian Real,Forex,Foreign Exchange,4-Oct-22
polygon,0xbaaf11ceda1d1ca9cf01748f8196653c9656a400,LPT / USD,Livepeer,Crypto,Cryptocurrency (USD pairs),8-Jul-21
polygon,0xbaf9327b6564454f4a3364c33efeef032b4b4444,DOGE / USD,Dogecoin,Crypto,Cryptocurrency (USD pairs),8-Jun-21
polygon,0xbb3ef70953fc3766bec4ab7a9bf05b6e4caf89c6,SLP / USD,Smooth Love Potion,Crypto,null,null
polygon,0xbc08c639e579a391c4228f20d0c29d0690092df0,ZEC / USD,ZCash,Crypto,Cryptocurrency (USD pairs),8-Jul-21
polygon,0xbd238a35fb47ae22f0cc551f14ffb8e8f04fca21,DOGE-USD Total Marketcap,Dogecoin,Crypto,null,null
polygon,0xbd92b4919ae82be8473859295def0e778a626302,SEK / USD,Swedish Krona,Forex,null,null
polygon,0xbe23a3aa13038cfc28afd0ece4fde379fe7fbfc4,AAVE / ETH,Aave,Crypto,Cryptocurrency (ETH pairs),15-Mar-21
polygon,0xbe6fb0ab6302b693368d0e9001faf77ecc6571db,XMR / USD,Monero,Crypto,null,null
polygon,0xbf90a5d9b6ee9019028dbfc2a9e50056d5252894,SNX / USD,Synthetix Network,Crypto,Cryptocurrency (USD pairs),5-May-21
polygon,0xc08f70c26ab8c659eaf259c51a0f7ae22758c6ac,OHM Index,OHM Index,Crypto,null,null
polygon,0xc3e676e68db28c9fb2199f25b60560723237cc76,ibBTC PricePerShare,Interest bearing Bitcoin pay per share,Crypto,null,null
polygon,0xc43081d9ea6d1c53f1f0e525504d47dd60de12da,MSFT / USD,Microsoft,Equities,null,null
polygon,0xc5878bdf8a89fa3bf0dc8389ae8ee6de601d01bc,HBAR / USD,Hedera Hashgraph,Crypto,null,null
polygon,0xc70aaf9092de3a4e5000956e672cdf5e996b4610,DPI / ETH,DeFi Pulse Index,Crypto,null,null
polygon,0xc76f762cedf0f78a439727861628e0fdfe1e70c2,CHF / USD,Swiss Franc,Forex,Foreign Exchange,29-Jul-21
polygon,0xc86105dccf9bd629cea7fd41f94c6050bf96d57f,OM / USD,Mantra DAO,Crypto,null,null
polygon,0xc907e116054ad103354f2d350fd2514433d57f6f,BTC / USD,Bitcoin,Crypto,Cryptocurrency (USD pairs),16-Dec-20
polygon,0xc9ecf45956f576681bdc01f79602a79bc2667b0c,CEL / USD,Celsius,Crypto,Cryptocurrency (USD pairs),26-May-21
polygon,0xcc73e00db7a6fd589a30bbe2e957086b8d7d3331,SE / USD,Sea Limited,Equities,null,null
polygon,0xd106b538f2a868c28ca1ec7e298c3325e0251d66,BAL / USD,Balancer,Crypto,Cryptocurrency (USD pairs),25-Aug-21
polygon,0xd133f916e04ed5d67b231183d85be12eaa018320,MIM / USD,Magic Internet Money,Crypto,null,null
polygon,0xd6285f06203d938ab713fa6a315e7d23247dde95,EOS / USD,EOS,Crypto,Cryptocurrency (USD pairs),8-Jul-21
polygon,0xd647a6fc9bc6402301583c91decc5989d8bc382d,JPY / USD,Japanese Yen,Forex,Foreign Exchange,15-Jun-21
polygon,0xd78325dca0f90f0ffe53ccea1b02bb12e1bf8fdb,TRY / USD,Turkish Lira,Forex,null,null
polygon,0xd78bc11ef3256e3ce9dc0df0fa7be9e9afc07f95,VET / USD,VeChain,Crypto,Cryptocurrency (USD pairs),17-Aug-21
polygon,0xd8d483d813547cfb624b8dc33a00f2fcbcd2d428,MIMATIC / USD,MAI,Crypto,Cryptocurrency (USD pairs),null
polygon,0xd94427edee70e4991b4b8ddcc848f2b58ed01c0b,DASH / USD,Dash,Crypto,Cryptocurrency (USD pairs),8-Jul-21
polygon,0xd9ffdb71ebe7496cc440152d43986aae0ab76665,LINK / USD,Chainlink,Crypto,Cryptocurrency (USD pairs),4-May-21
polygon,0xda0f8df6f5db15b346f4b8d1156722027e194e60,INR / USD,Indian Rupee,Forex,Foreign Exchange,null
polygon,0xdcda79097c44353dee65684328793695bd34a629,OCEAN / USD,Ocean Protocol,Crypto,Cryptocurrency (USD pairs),null
polygon,0xdd229ce42f11d8ee7fff29bdb71c7b81352e11be,GHST / USD,Aavegotchi,Crypto,null,null
polygon,0xde31f8bfbd8c84b5360cfacca3539b938dd78ae6,WBTC / USD,Wrapped Bitcoin,Crypto,Cryptocurrency (USD pairs),27-Apr-21
polygon,0xdf0fb4e4f928d2dcb76f438575fdd8682386e13c,UNI / USD,Uniswap,Crypto,Cryptocurrency (USD pairs),8-Jul-21
polygon,0xdf3f72be10d194b58b1bb56f2c4183e661cb2114,ETC / USD,Ethereum Classic,Crypto,Cryptocurrency (USD pairs),8-Jul-21
polygon,0xdfb138ba3a6cce675a6f5961323be31ee42e40ff,FARM / USD,Harvest Finance,Crypto,Cryptocurrency (USD pairs),14-Sep-21
polygon,0xe01ea2fbd8d76ee323fbed03eb9a8625ec981a10,AVAX / USD,Avalanche,Crypto,Cryptocurrency (USD pairs),25-Apr-22
polygon,0xe0dc07d5ed74741ceeda61284ee56a2a0f7a4cc9,BUSD / USD,Binance USD,Crypto,Stablecoins,8-Jul-21
polygon,0xe638249af9642cda55a92245525268482ee4c67b,GHST / ETH,Aavegotchi,Crypto,Cryptocurrency (ETH pairs),17-Aug-21
polygon,0xeb99f173cf7d9a6dc4d889c2ad7103e8383b6efa,LTC / USD,Litecoin,Crypto,Cryptocurrency (USD pairs),8-Jul-21
polygon,0xefb7e6be8356ccc6827799b6a7348ee674a80eae,USDC / ETH,Circle USD,Crypto,Stablecoins,17-Mar-21
polygon,0xf5724884b6e99257cc003375e6b844bc776183f9,BNT / USD,Bancor,Crypto,Cryptocurrency (USD pairs),8-Jul-21
polygon,0xf626964ba5e81405f47e8004f0b276bb974742b5,BADGER / USD,Badger DAO,Crypto,null,null
polygon,0xf9184b8e5da48c19fa4e06f83f77742e748cca96,AMZN / USD,Amazon,Equities,null,null
polygon,0xf9680d99d6c9589e2a93a78a04a279e509205945,ETH / USD,Ethereum,Crypto,Cryptocurrency (USD pairs),27-Oct-20
polygon,0xf9d5aac6e5572aefa6bd64108ff86a222f69b64d,USDT / ETH,Tether,Crypto,Stablecoins,23-Mar-21
polygon,0xfc539a559e170f848323e19dfd66007520510085,DAI / ETH,DAI,Crypto,Stablecoins,17-Mar-21
polygon,0xfe4a8cc5b5b2366c1b58bea3858e81843581b2f7,USDC / USD,Circle USD,Crypto,Stablecoins,27-Oct-20
solana,3G5z9LVhgpaXnURD12G8Sx9pFmRf9yXTgHeyrhHzZjDU,AVAX / USD,Avalanche,Crypto,null,null
solana,45WFbYNXh1PMm3JWjuVUXK6qPPGf4Rm6pdSoiPJaHuD8,DAI / USD,DAI,Crypto,null,null
solana,4GJ7cT98QfGMeLsDX4VQQ4nQdLMmtfNVeDYNx6aBEsCd,LINK / USD,Chainlink,Crypto,null,null
solana,716hFAECqotxcXcj8Hs8nr7AG6q9dBw2oX3k3M8V7uGq,ETH / USD,Ethereum,Crypto,null,null
solana,8vAuuqC5wVZ9Z9oQUGGDSjYgudTfjmyqGU5VucQxTk5U,USDT / USD,Tether USD,Crypto,null,null
solana,B3wQnLukNYF1qvcsEynMZL2ng9baPZDsG6cAYi46G1Zc,SRM / USD,Serum,Crypto,null,null
solana,CH31Xns5z3M1cTAbKW34jcxPPciazARpijcHj9rxtemt,SOL / USD,Solana,Crypto,null,null
solana,CcAp5KDmqjXrYTFNu43RbGvzzWzKDvcELYSqgRjs2Vxr,OP / USD,Optimism,Crypto,null,null
solana,Cv4T27XbjVoKUYwP72NQQanvZeA7W4YF9L4EnYT9kx5o,BTC / USD,Bitcoin,Crypto,null,null
solana,DcKBwvmcDsLXzij2XnMNDFJFe7Hms5ctCCX9qU1xyXex,MATIC / USD,Polygon (MATIC),Crypto,null,null
solana,F6rApkRBD31K6zZrwXt8aQrRKwzbZqCMH2vbMvBgftPX,BNB / USD,BNB,Crypto,null,null
solana,GzGuoKXE8Unn7Vcg1DtomwD27tL4bVUpSK2M1yk6Xfz5,USDC / USD,Circle USD,Crypto,null,null